,ew_net,po_net,base_net,nom_net,dr_net,dr_net_learn_delta,dr_net_learn_gamma,dr_net_learn_theta,polab_equal_weight,polab_min_variance,polab_max_sharpe,polab_risk_parity
2013-01-25,0.007796114094065699,-0.010214694025747054,-0.0208973552355043,-0.055325935840990485,-0.03988645342672644,0.005402309542056381,0.0007559528519471789,-0.043130322040891345,0.007796114094065699,0.006162481869774172,-0.003955865901893579,0.0049761623012279255
2013-02-01,0.010016938863696413,0.00975437198050359,0.04090813727036239,0.000955885734405899,-0.019529990935417286,0.01279229624547938,0.01760616372436149,-0.030562334114190973,0.010016938863696413,0.007172233247275632,0.01934623301199371,0.011016839648603463
2013-02-08,0.0010099983944639895,0.009087839551618192,-0.026535328503711198,0.014504170564651421,0.01828134510727679,0.008245602377366087,0.008329829531931895,0.01787572556101234,0.0010099983944639906,0.005274849578040507,-0.007716623887881702,0.0016155928703053299
2013-02-15,0.001642653724304899,0.00039467071840326435,-0.012803302855755322,-0.015112441110436033,-0.013026795070826875,-0.0038913582508478526,-0.003072572018143673,-0.008708017978087087,0.0016426537243049,-0.0035366493824332077,-0.0018078027859185354,-0.0017084374281141708
2013-02-22,-0.007138843363935516,0.010440933053974786,-0.04256876659287115,-0.006676700403165331,-0.0012572608317542846,0.017117736822539,0.014847351683389113,-0.0017618780609846396,-0.007138843363935517,0.012572110767435214,0.006712646439057626,-3.8210149415345875e-05
2013-03-01,0.0010119718786791138,0.001270166846708649,-0.0019663534635220256,-0.008936206928791181,0.00025234597595652497,0.006806884961534382,0.006585478827661704,-7.055977718300805e-05,0.001011971878679114,0.007413756890571248,0.006429874654504742,0.003819571038236458
2013-03-08,0.02367743738417237,0.01335805062210264,-0.009303849044523993,0.014082944829035701,0.01953486162243796,0.011877906104960523,0.012386583047742483,0.016849839062194633,0.02367743738417237,0.013400308671460758,0.02097705907656473,0.018842979679000154
2013-03-15,0.0033211238743673546,0.011653281773718872,-0.01856148368637589,0.008697320147444083,0.021318679168885683,0.008310815834933037,0.009722591935304128,0.028016508165333815,0.003321123874367354,0.008120670968153106,-0.0022186053831165613,0.0037882189441532975
2013-03-22,0.00028348951921212126,0.004611711337119805,-0.015197567315771512,0.01141103584956863,0.00945961602938821,0.0074065997001607565,0.007164121490239497,0.005800745318246793,0.0002834895192121217,0.007420295353207109,0.01241661048911099,0.005970025923969469
2013-03-29,0.005862855593993682,0.009999295205570947,-0.005829903491782171,-0.00025788700206629336,0.018382796231118947,0.01702179386755944,0.013119364289737602,0.026379955876550856,0.005862855593993682,0.01985064342711266,0.01265975259078132,0.010265811114385147
2013-04-05,-0.008060119585416765,-0.0019168969573166335,-0.027250774404005043,-0.01790746247486946,-0.01287227986727001,0.00461354540653526,0.00489143004100683,-0.024102490406211406,-0.008060119585416765,0.0035868973832135806,0.008373264872691383,-0.0033993072929091508
2013-04-12,0.021086993887860752,0.012243860799899104,0.00531915023474538,0.013844627646640583,0.02251832524797521,0.011340342758748127,0.014396721072160227,0.02502169029820601,0.021086993887860755,0.00862535775370424,0.019131675858444504,0.017517759893208383
2013-04-19,-0.020454754254913353,-0.02569333781534719,-0.04820921527687501,-0.04259524126185193,-0.029833355580508845,-0.014836312949953847,-0.032308108651061776,-0.029400573507483544,-0.02045475425491335,-0.005293190509801184,-0.0014482802121134394,-0.014781341058573759
2013-04-26,0.02479805312739341,0.0029227400710090815,0.05284097717833109,0.03868382870517022,0.01764586875707788,0.00908556017793137,0.003077500727673333,0.036371713273794806,0.02479805312739341,0.012766014785278753,0.004188309409742705,0.018611030844136088
2013-05-03,0.013407061671519043,0.025837607391154413,0.02716107630319095,0.04523767865202301,0.03405275426648997,0.010469857077258143,0.016028368744236368,0.040384414124141434,0.013407061671519045,0.012546169489311488,-0.0007374775428056432,0.011740901757498541
2013-05-10,0.008889560563981998,-0.024503897377091965,0.018854907630810613,0.006411339580800936,0.002077578004917432,-0.014918670128576962,-0.01592226405996579,-0.000858986850594843,0.008889560563981998,-0.013529288179928059,-0.005303591398516812,0.0008952878587942838
2013-05-17,0.014687998723646536,0.004409714249191906,-0.010719926163168796,0.015448016704436716,0.010212094314489705,0.00591312985267294,0.012622065000445664,0.022213702769806727,0.014687998723646536,0.0060128786625608995,0.010359416496775256,0.009932670718516154
2013-05-24,-0.008162645712028738,-0.017309212833005964,-0.01665335845754441,0.01578453646203486,0.004445291910708812,-0.01401966750744902,-0.011470627515102718,0.008084786352810718,-0.008162645712028738,-0.011075004901724732,-0.008290011393820258,-0.007985797611787896
2013-05-31,-0.010047232050417767,-0.01815468839661761,-0.004755828848057491,0.0026721226745511943,-0.0011627676157574011,-0.025338872038657173,-0.025879789637714437,0.001493618795931889,-0.010047232050417763,-0.0197479959470388,-0.03216922990359053,-0.015835169497526037
2013-06-07,0.010884085611589439,0.009337792699585474,-0.013403259503041245,0.0028916300060406316,0.007794267850887314,0.010312925347073728,0.009907991530411143,0.007540095034792078,0.01088408561158944,0.010844883565133684,0.0167144407134606,0.012440539832220113
2013-06-14,-0.008258944187854946,-0.0019098983733307838,-0.009214412147479124,-0.0055778282776723885,-0.005890415612754585,-0.001494875872370378,-0.0018195487930381365,-0.003673387663236159,-0.008258944187854944,-0.0030940885673889787,-0.003944601408644032,-0.004606713641625204
2013-06-21,-0.027227763219784304,-0.030974981182041596,-0.008942412383940031,-0.027500558431838757,-0.03196094097970684,-0.027181114796052806,-0.02846781564526367,-0.027615163409042638,-0.027227763219784307,-0.028862080786518647,-0.02388714042394973,-0.027907349420262982
2013-06-28,0.012263546293073677,0.029082873581198987,-0.007579400113661874,0.00537118352074677,0.01329787692884723,0.029027616850285615,0.028747152134278108,0.015322029885254274,0.012263546293073675,0.024355531274395256,0.016037077039149236,0.014821428489453644
2013-07-05,0.009467342816882347,0.001308757695945812,-0.004242937675713093,0.01837916500449173,0.010961306812000481,0.002054545721591569,0.003317269729047301,0.013190382986995678,0.009467342816882347,-0.0028619850659884287,0.010337137613708115,0.004904994527150699
2013-07-12,0.031073685287909138,0.024763425444776367,0.06123690965927363,0.03451446177065012,0.028574718022563998,0.02579497177113685,0.026313787465422664,0.03123861774900936,0.03107368528790914,0.025807267890330735,0.02953796443053503,0.02795556162200341
2013-07-19,0.006296014807766481,0.005393641712709317,-0.010559709111637717,0.009132510388048472,0.016975761699993288,0.010384579723304064,0.006607671661234097,0.01812368242581097,0.006296014807766481,0.00916280694128065,0.014147524674966112,0.00542037677673799
2013-07-26,0.004976056576745259,0.00834715237353406,-0.04191476677913951,0.032267072940361546,0.029198258362196344,-0.0009633849401611372,0.0035841175306645704,0.03200174695147493,0.004976056576745257,0.002655411889953726,0.009650464281513307,0.005614316778394118
2013-08-02,0.0068790131769002,0.007503159443010329,0.02729709750294753,0.034393958340634606,0.02536115416425989,0.007588347590723202,0.0070211217683489,0.0347524472826833,0.006879013176900201,0.007067423896429058,0.016998992820536726,0.006022095261549447
2013-08-09,-0.012346484061545482,-0.007056465399738462,0.0024911010054393806,-0.0232763349705095,-0.006367076662163459,-0.009988093996667495,-0.006158671811162522,-0.0016966055914921457,-0.012346484061545482,-0.007276239013801724,-0.011695190436576576,-0.010514655832881494
2013-08-16,-0.010924458565503163,-0.020809545388902072,0.007691396049761851,0.029827569808224756,0.00402506913138214,-0.02942774564699086,-0.02984332524678618,0.011307985545146157,-0.010924458565503165,-0.021482200077924007,-0.026695437900184874,-0.014673240988946531
2013-08-23,0.0074925202165765535,0.0008414440494736873,-0.014913102525372594,0.019289161319290163,0.015884636104833136,0.0014402932395693405,0.001802950514004302,0.021734153638284303,0.0074925202165765535,0.006791541874446409,0.010289298780322687,0.007414156146663296
2013-08-30,-0.01824106488883847,-0.01356831969739216,-0.016092502535371096,-0.01790760001337832,-0.01779617295105411,-0.014429329403118049,-0.014964233084531023,-0.021038735519712134,-0.018241064888838473,-0.01474354980404052,-0.01441891250853336,-0.01621273156389942
2013-09-06,0.005783001734607869,-0.003065013912767398,0.010298037076050634,0.020849453733018032,0.008953856695228786,-0.00039475137707792405,0.0008270442351961337,0.013229549903735408,0.005783001734607869,-0.0035873254455968027,0.007343281413552983,0.0013459650818924513
2013-09-13,0.013273822879842596,-0.0014586045550118304,0.04341047776511174,0.005479803082301145,0.010373648248881403,0.0021878324387112486,0.003160900819009496,0.007056999769410695,0.013273822879842596,0.002592776891361622,0.027114752173226765,0.011041773049578258
2013-09-20,0.004626729411567882,0.007793814457615275,-0.0259740230523001,0.011472554956012057,0.008064273076720266,0.006714624257589643,0.004425942492534791,0.005792975182475458,0.004626729411567882,0.008407390514442687,0.006479704764862373,0.006102530942826236
2013-09-27,-0.010033225500089138,-0.004545532302490157,-0.01120943927891142,0.003665238903767607,0.007426693107227988,-0.013874130777048082,-0.012708386466632214,0.014343535615422837,-0.010033225500089138,-0.009907698860074808,-0.005232719211350962,-0.008949464239398764
2013-10-04,-0.004152925536986191,-0.0132566392929333,0.004773268233168449,-0.025346220025141038,-0.03820532277481098,-0.014211969302349506,-0.0143745465533736,-0.04195937739814282,-0.004152925536986191,-0.01581603744598009,-0.022506709275964706,-0.008075799593176305
2013-10-11,0.009682477814551988,0.02413233136896309,0.01674584258192757,0.01899045146830926,0.02811620519046397,0.02116042313143795,0.02585011291614788,0.02785485228302488,0.009682477814551988,0.013748055308897477,0.01660910113964952,0.010881571655759077
2013-10-18,0.028937354714889986,0.019823120207549737,0.027338086072274306,0.024699168276063166,0.020166417839940158,0.015244506877263041,0.01329812499303718,0.022004667632911715,0.028937354714889986,0.021762036943901195,0.028932777704328554,0.027055916964566565
2013-10-25,0.010529985061397223,0.02301833349418047,-0.02942522919530398,0.005776627998472154,0.019612953691331397,0.012990542936373216,0.0141732360163301,0.02784961110389381,0.010529985061397224,0.015556357663629736,0.019159903693754417,0.013833396674344115
2013-11-01,0.000739758057666606,-0.0020862085221661844,-0.013920018457090594,-0.0035289715269914528,0.003271423396549531,0.006061856356882119,0.005902599079255708,0.001666817592811472,0.0007397580576666068,0.0033811920571014346,0.007709538957473149,0.0021632017876184587
2013-11-08,0.014947884805442404,0.005038810373415309,0.007776049154089689,0.007707653457260391,0.007162357331953332,0.005617376881044835,0.003005205175136654,0.009873936344873688,0.014947884805442404,0.012094131721949234,0.014390736358830267,0.01375178844672895
2013-11-15,0.013954868457655117,0.010004204099224576,-0.005935420862514429,-0.00025069732801491696,0.007063577361035578,0.008395091019532851,0.011299689890717769,0.0022539924477583415,0.013954868457655117,0.0074539600503152285,0.009255546852927617,0.012225537537880504
2013-11-22,0.002397220468214229,-0.003325675632647896,-0.010269881462409284,0.00020863446507495172,0.002287503507865807,-0.0024631839674753055,-0.0020551651471601715,0.014192673417582742,0.0023972204682142285,-0.00595713738870237,0.014989339135848191,-0.001503601788638374
2013-11-29,0.004081036690308182,0.0065414513491408015,0.020752894787810304,0.0328880949614527,0.025208836464498934,0.003368399156877421,0.006620285369074783,0.02995605138752774,0.004081036690308181,-0.00292594621139219,0.004377953448976185,0.001955013385143103
2013-12-06,-0.01029732228615467,-0.00668931959972092,0.010638295605970785,-0.010260643902832278,-0.008621247241439374,-0.007526632607920986,-0.005721743718732156,-0.017090496106876015,-0.01029732228615467,-0.009442602910879647,-0.009488810365347693,-0.009387376022217965
2013-12-13,-0.017250217390727445,-0.020511796456062777,0.006432747006333092,-0.019903381732530225,-0.0054266926160897525,-0.022421737576464564,-0.02185698205226002,-0.005964557220668904,-0.01725021739072745,-0.023907819199423946,-0.01961660131112168,-0.01883356958199728
2013-12-20,0.01571939712810649,0.0039866878607676785,0.03346891242480956,0.012596127872802423,0.016828216261378155,0.009083030803349738,0.0075967360758526,0.015506019562849794,0.015719397128106487,0.006425950340998895,0.02376798594813251,0.012739086432644077
2013-12-27,0.014014579007620716,0.01640234778533401,0.021814910010086144,0.014274905059553651,0.0209754378436516,0.010080683164407337,0.009776680504421629,0.021833446108906855,0.014014579007620714,0.0140880005856702,0.01558088135757826,0.014960254204212242
2014-01-03,-0.002985755804104795,-0.012780432044268111,-0.011554968035029707,-0.02288955955748838,-0.013839134631818937,-0.006330721610721908,-0.007699762520558236,-0.019310050121029022,-0.002985755804104795,-0.008186551726038997,0.003540090788156318,-0.005417741842236016
2014-01-10,0.0027326201740310698,0.01228997095143741,0.007682030113723454,0.0010785961535836914,0.003868294435501701,0.009792002680161395,0.012354025415106546,0.0038157543894426875,0.0027326201740310698,0.0053544234020189985,0.012179186049454347,0.0022839694599388243
2014-01-17,0.0009279908885012295,0.0017029658664403844,0.016863139906100128,-0.007744781696815492,0.0034997551461371924,0.00438364281411155,0.005592435827410563,0.022237693174469136,0.0009279908885012288,0.0024440704183909204,0.009683462819821293,0.001620803051261482
2014-01-24,-0.025313356992812598,-0.01833885226417047,-0.05763341781607963,-0.015668405868784534,-0.027063793831460323,-0.022931365665178803,-0.024696531948254066,-0.021529611808450422,-0.025313356992812598,-0.018883876639076473,-0.03530743840494884,-0.022530650128834442
2014-01-31,-0.008920553611513631,-0.015136776343085403,0.08982243316258144,-0.025626658593235013,0.009945778255004716,-0.017991211288815513,-0.019856643537046352,-0.021284212928449026,-0.008920553611513633,-0.014425241942371526,0.006233650298504737,-0.010421231822350708
2014-02-07,0.011132308113462679,0.014045654029496082,0.010222553009761378,0.021470188824083185,0.01788872948119704,0.010507526262919838,0.011204856466385096,0.037146126898197754,0.011132308113462682,0.005059600848670645,0.029412384657496213,0.008064178151802536
2014-02-14,0.026706518120423912,0.01615042785377695,0.01770844320812599,0.029287901260405313,0.03763051509474785,0.019616407698178438,0.015968012784269736,0.04276571431360439,0.026706518120423912,0.03227117680678417,0.03656149990592238,0.029268051137288052
2014-02-21,-0.005972821158688829,0.002396658053779791,0.00983945990078412,-0.01334220470310328,-0.007152944388654425,0.0002991119732536948,0.0037434012128945973,-0.001354767363174211,-0.00597282115868883,-0.004939762702693253,-0.00032262404685987826,-0.00554585022962464
2014-02-28,0.008520675306339053,-0.00804107794267633,-0.00543589644933311,0.016160902512585593,0.0033824314992765563,0.004255369141255251,-2.6991581487667343e-05,0.0023040685186424678,0.008520675306339053,0.003916709118625848,0.006419113530266782,0.007554872423681002
2014-03-07,0.010966753186447825,0.004560490670447798,0.0008249982017810698,0.007167128858160145,0.011304532236536895,0.008077593999379427,0.008836380590864978,0.012702557457305913,0.010966753186447829,0.00882936025135424,0.02090695670982841,0.00928719559553072
2014-03-14,-0.011793253195596494,-0.00949439755924708,-0.017104584856542267,-0.019807483335010805,-0.016341922072141912,0.0014594628313380716,-0.0034396806114951857,-0.016515190205905715,-0.011793253195596492,0.001414116955573677,-0.02506128109193395,-0.008505449749417984
2014-03-21,0.015729356937989138,-0.01218853934336181,0.020966556190056433,-0.011245283771905264,0.004143768715494094,0.004833666031643223,0.006190513643593435,-0.0005553333789416956,0.015729356937989138,0.00027079276268496093,-0.0035020218672469983,0.01134580219772068
2014-03-28,-0.0016562371092385684,0.014356271392781311,0.020535988058204935,0.01713995760380166,0.01404987665752291,0.012895753374582555,0.01557112637513017,0.01420563234313731,-0.001656237109238567,0.009431487963035144,0.0049736798619455175,0.001869657279755946
2014-04-04,0.0021882536006019417,-0.00874791289792445,0.027970614858346357,-0.016290112866072928,0.006239872873094282,0.0015868200143529278,-0.005678835150818447,0.0007044637535439128,0.002188253600601942,0.010201695837298666,0.004416574668909504,0.004501115409896941
2014-04-11,-0.02034813191129977,-0.0049932040087099,-0.00704707909189344,-0.029131368959976207,-0.021250730363187833,9.949859998374362e-06,-0.0032009814441392686,-0.01820456030417302,-0.02034813191129977,-0.005776816031638932,-0.03620976615235401,-0.015896973628657725
2014-04-18,0.022078228350002588,0.017965193504140393,0.01951125785056696,0.024561429245767336,0.02576567058934259,0.015215458509044957,0.016306653116383026,0.0207450868689329,0.022078228350002588,0.013555128305833474,0.03190647410151688,0.019373780530271723
2014-04-25,0.008259127078103395,0.002253883432366717,0.018088104609651472,0.0442659561058118,0.03053037939640703,0.013430822477137012,0.006695966137758951,0.03738736836167414,0.008259127078103395,0.01897991523180373,0.0009099340090012912,0.010591293045231997
2014-05-02,0.0032064236553956188,0.0008039556709080829,0.003056643572653286,0.02290525841131715,0.01610223858906762,-0.00224940539375178,-0.00025469436734230954,0.021596655333020517,0.0032064236553956188,-0.0023706770677453795,0.007571901004704354,0.002727189930376312
2014-05-09,-0.005211305612069684,0.0011253906480112787,0.0004761442639697106,-0.0038545331890152165,0.002567034254758415,0.0038489922853659018,0.0018439902851513472,0.000197791923147292,-0.005211305612069684,8.558237214301373e-05,0.007277903586494867,-0.003156790068827709
2014-05-16,-0.0022952646739029916,0.006199510612777975,0.009232819346949687,0.0074481864564775145,-0.005253196577483793,-0.0036270730890771838,-0.0006278687632179942,0.0010329719643466834,-0.0022952646739029916,-0.0016712135712609797,-0.013746281668952927,-0.0018689261557640426
2014-05-23,0.00523632719908812,0.0036375070556738612,-0.018862583019210774,0.010545342585063804,0.0021963417864690592,-0.002053587770722635,0.006427889256323847,0.014036991647472831,0.00523632719908812,-0.006135574149537379,0.010138174723329185,0.0018688590811897455
2014-05-30,0.0076425483298419705,0.009743730293416044,-0.017302698014791566,0.01592180326703298,0.010714384845183927,0.007582499073660291,0.009696209442758744,0.01790109551594472,0.00764254832984197,0.004936735013613795,0.01103841138468795,0.006969364845763026
2014-06-06,0.016870109075121195,0.013797907690028055,0.058202089685379835,0.019651073263290443,0.026728175392608553,0.011277143673098856,0.01384318504675649,0.02246544882716826,0.016870109075121195,0.010391969785729297,0.018677812880750308,0.014095640861095174
2014-06-13,-0.0077031659989219015,-0.007052499305092784,-0.013033831863475898,-0.01634941920748,-0.013741101879154092,-0.010465735307726232,-0.009607482355022895,-0.012280281001629438,-0.007703165998921903,-0.0055274044085726285,-0.010703509178007754,-0.007290877072404123
2014-06-20,0.012452673566934622,0.013444511700998571,0.02444506719574343,-0.0014782228067357277,0.010493060661403271,0.016608040929944,0.01354183889495865,0.008125033068478005,0.01245267356693462,0.019288438123734764,0.017399039234442033,0.013763661061361315
2014-06-27,0.0006444285645088922,0.0038898743255820134,-0.005485462849054961,0.005573606635057784,-0.004878439339328071,-0.0013410985666235207,-0.0012009583060069698,-0.004318399441459856,0.0006444285645088922,-0.0006314004172411588,-0.00517716343971232,0.0006850040533369318
2014-07-04,0.009803375660316579,-0.0013283234907568477,0.02114359149324547,0.008496958004403287,0.0033915047433336863,-0.0018924381670617487,-0.0005810794754664327,-0.00022195817122998545,0.009803375660316575,0.0009642605142625429,-0.0014258433276895894,0.006876960183768299
2014-07-11,-0.0006116118472625443,-0.0017915253262732267,-0.010082822382328585,0.007302739067094672,0.0010261046689206401,-0.0029013963038579645,-0.0035971591703367204,-0.00016874947668235607,-0.0006116118472625442,5.518585710477227e-05,-0.006829300614284757,0.0014012818444131144
2014-07-18,0.011685825386263279,0.006079187809692951,0.008339940809409219,0.013412207591296363,0.0067060754951611,-0.000622386974168292,0.008437315960379586,0.0041280425041506745,0.011685825386263277,0.0013110671999854756,0.0023169661576479426,0.00890959612317194
2014-07-25,-0.003751733519999202,-0.033499641308830895,-0.048289006864201275,0.024424068752680654,0.011543105580997642,-0.02105834939463827,-0.027167417488697502,0.02477800700578293,-0.003751733519999202,-0.010007849727156432,0.01970441421261352,-0.00513487225087582
2014-08-01,-0.02745124632571247,-0.023324943539929983,-0.04129708979627212,-0.004696289536385104,-0.025372535592430724,-0.02068425449883106,-0.024768077455822164,-0.024319206324203473,-0.02745124632571247,-0.022323480975909478,-0.026394923061097173,-0.024909471178602136
2014-08-08,0.0061590639497883515,0.008295074542607216,0.027457220525053443,-0.0018138241122859517,0.00022921028644056016,0.009259845557539425,0.011302473567903811,-0.008221025672242024,0.006159063949788352,0.0037119183990187636,0.0036414822814156375,0.0057190819239916636
2014-08-15,0.012585540917377003,0.005952548964615563,0.023818744374644915,0.019320887796306044,0.020721815318803887,0.004515143483752374,0.003339366315451558,0.020288260000462636,0.012585540917377003,0.008878849987335999,0.014336212351742799,0.011704710734669575
2014-08-22,0.01441087882604903,0.006164946283542516,0.014847739270142244,0.02766356164653126,0.02368360198214369,0.012632422319910248,0.010464883371544883,0.02632042053998621,0.014410878826049028,0.008888563502494815,0.02768441770121587,0.012608017784332026
2014-08-29,0.009402560255006999,0.009135290453229295,0.016401080719002484,0.006548253316727824,0.006907225730218517,0.0049949788488019686,0.004619915290056924,0.0052333248051396,0.009402560255006999,0.009032166364030446,0.0017802547399430454,0.009460035154186912
2014-09-05,0.0038682104216178183,-0.003228514582450992,-0.004859263943554305,0.008219474841310269,-0.0052823340514663916,-0.003411537453265669,-0.003143956423726661,-0.010850183195411497,0.003868210421617818,-0.0004836698658073392,0.005362021363698066,0.0033246349664286584
2014-09-12,-0.010023771564963067,-0.010371462768023119,-0.032430439232751636,0.0005689986914136132,-0.006483359738615009,-0.004885023661126466,-0.005956580314120739,0.0057886069851144735,-0.01002377156496307,-0.010408122407782515,0.0005830753886040809,-0.011244615205487926
2014-09-19,0.012363651852932606,0.017159244614943066,-0.023900206196239514,0.0019763321922838485,0.010002299823234202,0.017879389730894566,0.020558802678133106,0.017079473747951743,0.012363651852932606,0.013168275238245278,0.028397993268100056,0.012363493786317648
2014-09-26,-0.011062682652007709,-0.007779895982011641,-0.02077846029279347,-0.010539948082842204,-0.005589906829467294,-0.005534130636447381,-0.008933732952891285,-0.0009057284378903589,-0.011062682652007709,-0.008752211771313481,-0.004862556389809148,-0.010637244449362867
2014-10-03,-0.008831116294739372,0.0014025397542352447,-0.02978680719398352,0.00039376493696404065,-0.013172680453516446,-0.0037504661263682002,-0.0014437265222832726,-0.018794652169740154,-0.008831116294739372,-0.006397394245540052,-0.0155733130203551,-0.008027133971371798
2014-10-10,-0.02364892724590932,-0.00489031314111712,-0.04374165481718393,0.0124803193608249,-0.01413706775475457,-0.019753510530703216,-0.01486213305999112,-0.01784191212322736,-0.02364892724590932,-0.014880155018140792,-0.03473288854033566,-0.019305199432773756
2014-10-17,-0.01519098052537983,-0.04141432161726781,0.02827862542484092,-0.0223457310172795,-0.022122678364758622,-0.027273993099463233,-0.03494674392533185,-0.01715286235377789,-0.01519098052537983,-0.010574968735369252,-0.012027047885407668,-0.013611976468203288
2014-10-24,0.030634616560263908,0.037808957135079604,0.04618621597251911,0.05664894273235094,0.04496516973826162,0.04024958258176074,0.04080464416720705,0.04609090340676057,0.030634616560263905,0.02507489703848537,0.03990334372485123,0.028949480670090212
2014-10-31,0.01783640485031795,0.01738493668192095,0.019810941482274684,0.02609950397062996,0.027325123744394678,0.008323486836279563,0.013856312197389422,0.029947297405480876,0.017836404850317948,0.009859526892969149,0.0386393795248433,0.014679093719686172
2014-11-07,0.007700277931275891,0.005893017088892206,0.0034513364166564283,0.0013831698562556194,-0.005864854111364084,0.01180295587548708,0.010598719964734542,-0.016008261874636484,0.007700277931275889,0.014574373726632624,-0.0029882881934234287,0.00966419928675504
2014-11-14,0.011795384476772464,0.021536493967516772,-0.004127356713946618,0.03974728567004481,0.015851696797145154,0.006931117286786507,0.011614012513437865,0.021694606910402432,0.011795384476772464,0.0021428576558386345,0.0055712363415096056,0.010009224557525568
2014-11-21,0.0011495494745046803,0.005598975169226145,0.05042430894175546,0.016083609624602046,0.0034302653619398145,0.0037323578468724944,0.0050793699384076,-0.002321576889591611,0.0011495494745046803,0.0032101902837676035,-0.0020654551953256887,0.002996899050764965
2014-11-28,-0.007072995696510269,0.001353306192132071,-0.054955373857205565,-0.01075073343255468,0.009817476285378615,0.0059039281190812615,0.010671752260523942,-0.005889539292429861,-0.007072995696510272,-0.003143483273045501,0.016613337548084587,-0.0046780623193358834
2014-12-05,-0.0017777697724226382,0.013036219190625276,-0.01809145120940491,-0.028096054738573614,-0.024937615033630584,0.0011865064561810503,0.009337903728407468,-0.016700481131477596,-0.001777769772422638,-0.0012818921488534007,0.002310601627434462,-0.001908196756409643
2014-12-12,-0.03715230504955299,-0.051816772375421614,-0.08382263304542176,-0.03878757061961561,-0.0437462290403675,-0.048042930735849046,-0.04690206459282207,-0.041125322982898525,-0.03715230504955299,-0.03724664027421695,-0.0277503304462337,-0.035562475036135015
2014-12-19,0.025929601578792007,0.025068634473023866,0.013370168471052277,0.024529992475627222,0.028835426304908814,0.019054634074024066,0.018526755057396344,0.03216596247545963,0.025929601578792007,0.026269717111060215,0.02612494221666219,0.02547591589358915
2014-12-26,0.011523674875386199,0.023510645294538085,0.027477918870058318,0.010444687892977186,0.01735130115596841,0.02177853679012342,0.023954860618492113,0.011494832682468464,0.011523674875386199,0.016084332535441188,0.016740736189175057,0.012289048071324108
2015-01-02,-0.010646299265859183,-0.014941296439523454,-0.024938978095177942,-0.026727659968472577,-0.021315653392500092,-0.016095400204494195,-0.019100031331133013,-0.023861882686383666,-0.010646299265859182,-0.011531581928402493,-0.019141414381403495,-0.0106176092118276
2015-01-09,-0.0006430531906642607,0.012182056384226692,-0.04603830802560207,0.012690344926330536,0.008490638076505264,0.012775123487615225,0.011602733548294563,0.014572699034503462,-0.0006430531906642611,0.006537717818071408,0.008553451044116492,0.004010346099783584
2015-01-16,-0.01481839328554051,-0.01041731936906116,-0.03529741909304731,-0.03159138384048768,-0.01831093869121193,-0.015275374815891083,-0.029326314734720336,-0.020868286505985132,-0.014818393285540512,-0.0005519116359850949,-0.006558033562363194,-0.008400382932296009
2015-01-23,0.017603330147513377,0.018712080608484227,0.020868113397661734,0.05076025974715523,0.028452607564353388,0.006610796428312269,0.010317813597076,0.031174904482001095,0.017603330147513373,0.01172533847991642,0.01529175710358817,0.01675371836486634
2015-01-30,-0.018692416406518628,0.016586060650498113,-0.06588014592458556,0.023480945932128076,-0.0055618428475706205,0.014122657418965942,0.013789130505059099,-0.005019171081989014,-0.018692416406518628,-0.006132491013851318,-0.03853379308063909,-0.01621727090501246
2015-02-06,0.04597922830803098,0.05346455900179143,0.04051519440614043,0.02363018103165076,0.032616711259938626,0.040058709749130075,0.04801580039912459,0.028084947260717863,0.04597922830803097,0.025420228125813422,0.03863520250778231,0.0383920890418845
2015-02-13,0.015404529373606776,0.018790326080645466,0.023074149509505575,0.04390622285626192,0.029328360177317013,0.007243169495365954,0.009165863200929015,0.033441864099774156,0.015404529373606774,0.00423651603465962,0.014295098243528117,0.011773031411756169
2015-02-20,-0.00034930841244666384,0.003163916627732803,-0.008105249831688756,0.015799701465618956,0.015477157824535629,-0.001488006718239792,0.0013554638219253157,0.02483811853821245,-0.0003493084124466635,-0.002591343299879546,0.021098754594389944,0.00012088285899221904
2015-02-27,0.0017564637457634816,0.012478242070227229,-0.018237799251343643,-0.006350450090601011,-0.004757391038920053,0.014793180234007143,0.008509668292442965,-0.010239356503575455,0.0017564637457634818,0.017492986262193456,-0.008986699911857831,0.004830525829908069
2015-03-06,-0.018691099660199828,-0.029195949419977604,-0.034258141153852464,-0.004889827394674836,-0.01657408035472699,-0.028231663494922364,-0.02536595311780661,-0.012963799636673386,-0.018691099660199828,-0.03245296457512631,-0.010249709949483531,-0.02507050580651255
2015-03-13,-0.00936554259492664,-0.00963663807591299,-0.0103672244532243,-0.013553501811028278,-0.015248092245788535,-0.00584664118016894,-0.006430983274758509,-0.012903897047346126,-0.00936554259492664,-0.0052494143731549245,-0.003139014918938942,-0.008446138321295545
2015-03-20,0.01836984038553686,0.021730097310674167,0.024738102632579466,0.023855114153653365,0.02306705650214617,0.01643551978422151,0.019148913381147492,0.02667587772987631,0.01836984038553686,0.012079683347662969,0.026549596348262615,0.017409413379870193
2015-03-27,-0.01950995769593345,-0.02029456019093625,-0.018721517750502487,-0.019166904653970602,-0.014439060318593244,-0.019922926573371337,-0.020781111276866278,-0.009101860120903998,-0.01950995769593345,-0.01968669353422101,-0.01470321015953629,-0.019739917839671467
2015-04-03,0.0055436105359268125,0.007717946214272612,-0.007621387843200234,0.011656975226023096,-0.002685465155432178,-0.0015268161015486292,0.007193188970369857,-0.001121907794950729,0.005543610535926813,0.005795534368032904,-0.0036941096818776404,0.0052719069176333615
2015-04-10,0.01514313821378886,0.01604273785046141,-0.0009909549578311135,-0.0033360109677735544,0.013297872955674608,0.01135586050935258,0.014973489681739116,0.0112126034614978,0.015143138213788862,0.009278997255296685,0.007743977758723578,0.012731422404946527
2015-04-17,-0.004715099506712511,-0.007656642402698143,-0.01848937844932132,-0.022307045461433823,-0.022282619223257156,-0.0087247122866809,-0.004704184871178857,-0.022383952442172828,-0.004715099506712512,-0.00875943899207045,-0.02207986086754082,-0.0050676354563567935
2015-04-24,0.035702191676659556,0.03514365594708347,0.025166925561524587,0.02661010577312829,0.04568694975935184,0.03393472850405491,0.035219648097036586,0.026837620913414927,0.03570219167665955,0.03321172813560046,0.023512480634505537,0.035967035763856535
2015-05-01,0.002768145954260565,-0.002129091623126381,-0.015531062093297887,-0.01074227435111443,-0.02224958292606139,-0.005684578991145134,-0.003114290806975396,-0.019481678408521573,0.002768145954260565,0.002452091108261803,-0.020007926891372825,0.0026388852046558805
2015-05-08,0.0011032698664411255,0.003529335510674379,0.005414161850194935,4.834902445325617e-05,0.0032043886307215655,0.002812398895237731,0.004131458703577527,-0.0004808820837335318,0.001103269866441125,-0.00023260484800540415,0.001736206367926615,0.00020843300368508485
2015-05-15,0.004027886653160345,0.002953904399755609,0.009041130770675377,-0.0011495673378734625,0.0027402781903302226,0.004899623464047848,0.002982034080865098,0.0029984662692091315,0.004027886653160345,0.0067669874554753245,0.006245239351318417,0.006299424511093623
2015-05-22,-0.0005391607261327918,0.009619658571306974,-0.042655216392704295,0.014930406619130254,0.012060734437197709,0.008949231061692157,0.00911133481942403,0.012560392604823894,-0.0005391607261327918,0.004320083122884848,0.010608659622468136,-0.00048653130373215933
2015-05-29,-0.008617269448749193,-0.003668619846776417,-0.020959661395423254,-0.012929738532749549,-0.014464348061751505,-0.008046387261055499,-0.0035668005436145524,-0.014927524064131049,-0.008617269448749193,-0.007644649792608583,-0.010718720102835701,-0.007882171174389064
2015-06-05,-0.006772693371673005,-0.02144090221206669,-0.016291907179310623,-0.008274538591277464,-0.002839327730138303,-0.014614227648213171,-0.02028485380809959,-0.003433785750667507,-0.006772693371673005,-0.01833869542495317,-0.007618691925440754,-0.011251069668134078
2015-06-12,-0.0031662762555430546,-0.006007791578949357,-0.00862304921873597,0.000168878070465375,-0.001134335900763924,-0.004773118855020367,-0.004674462129820872,-0.0012998747562179593,-0.0031662762555430546,-0.00987035180899212,-0.0016151427210261324,-0.006062351244253886
2015-06-19,0.005003666842337129,0.010449066511419814,0.004279994157061925,0.00029364937380041726,-0.0018987347663832893,0.008948211228572749,0.009620098135885529,-0.0031160304648144635,0.005003666842337129,0.011051776173258738,0.005724620119466235,0.0077619363409784335
2015-06-26,-0.002396404654425394,0.009191421661296011,-0.008523506845393153,-0.0035785594688491807,-0.003810076532026296,0.005939120478597294,0.010920694543891005,-0.0051588560610339885,-0.0023964046544253936,0.0011870320871539772,0.0006987315725714765,-0.0027105952481751793
2015-07-03,-0.010299491144039202,-0.0037302089884888234,-0.0036051028913770483,-0.005741638090900817,-0.006102324082818351,-0.004789741832803568,-0.004074355205938594,-0.004631303924442478,-0.010299491144039203,-0.0050804621498525245,-0.0008418864837808698,-0.008498284294829829
2015-07-10,0.0020191467064247745,0.0024110680300837278,0.017534091885178134,-0.013418403849874574,0.0053792037923884066,0.011323070939462884,0.006671460114331768,0.005357423009165748,0.002019146706424773,0.005506681403863214,0.007785551110700514,0.003166131091257021
2015-07-17,0.021045498234817585,0.020693025026971387,0.0036925649985999364,0.04556801555811264,0.041871473676626275,0.026940391195322308,0.0220318659246713,0.04584683548658413,0.021045498234817585,0.013877722422169756,0.03479126253247068,0.016794113371805024
2015-07-24,-0.015853905264309093,-0.019344235334495283,-0.02466276059885988,-0.03950007700879166,-0.006186075001109501,-0.015277159808967473,-0.014662770919647775,-0.004956358323173125,-0.015853905264309093,-0.023133197686896808,-0.012241231972466826,-0.02026489044548567
2015-07-31,0.0103526479346632,0.015042827545643277,0.005588152151085518,0.003733530999481883,0.005734960943108844,0.019203946002085526,0.021126306722839917,0.0015735063450655678,0.0103526479346632,0.02056792377784608,0.006556286066884146,0.012244224937070608
2015-08-07,-0.018471050975623755,-0.01800883695173219,-0.003543548528302012,-0.03449276767839373,-0.02193065485398274,-0.008372024625147568,-0.014316216494375067,-0.03001807139306588,-0.018471050975623755,-0.007119427696114922,-0.03654273883047034,-0.016192911456941704
2015-08-14,0.013483118914987276,0.01594270281822843,0.01585964811755172,0.010855588354969059,0.00994764470324232,0.015360308051072559,0.015157468976504183,0.008399952385183334,0.013483118914987276,0.01452718608403139,0.006272195996460767,0.01476991543872513
2015-08-21,-0.054162187980797326,-0.034495881404105304,-0.08068527096161103,-0.06881515214729637,-0.06835803090113524,-0.0376898174122552,-0.04263037729085318,-0.07866833344829972,-0.05416218798079733,-0.0310775048844802,-0.050522271421007466,-0.04661609839605287
2015-08-28,0.00952433989475578,0.001642974641553409,-0.024045684679196454,0.003517686699465486,0.020577899628764915,-0.007723445212722956,-0.0036381174875399803,0.03325328075470242,0.00952433989475578,-0.010892394570278666,0.01228643435472063,0.0024536353921036556
2015-09-04,-0.03335836447721528,-0.03408414538036769,-0.016168771248905072,-0.02784106161343388,-0.021698160493827237,-0.029576354229718244,-0.03429261096150707,-0.03272021873280509,-0.03335836447721528,-0.032009771267760695,-0.02214648756624159,-0.03359813224123284
2015-09-11,0.022655628147452478,0.018706239195407617,0.011895445993755928,0.026832619696062703,0.02879777156769554,0.017987833000552546,0.0187358089206508,0.031149461792939263,0.022655628147452478,0.02216731766867959,0.03127027638956213,0.02281661785253765
2015-09-18,-0.0028015477059399442,-0.004770435704835742,-0.020262954326130896,-0.005349726745360244,-0.006098333507848134,0.0009999463272614296,0.00030745112373667567,-0.007450851970959845,-0.0028015477059399434,0.006195859676367465,-0.001162783467002906,-5.835802021909495e-05
2015-09-25,-0.00679972077181577,0.00777712129113059,0.006946637181327378,0.015961358715944805,0.0014836105233157126,0.010540900505963447,0.007831698965229079,0.005023173275036263,-0.006799720771815771,0.007105133541278544,-4.0510561855390016e-05,-0.004598830301198179
2015-10-02,0.00912678216435977,0.02130932987060563,0.01881467465720485,-0.0037070601988699126,0.0021010434492146008,0.02057107988682688,0.0227967144953419,-0.01244221761487813,0.00912678216435977,0.008191741169334457,0.0047958518906538,0.009608903682416126
2015-10-09,0.03427123395647895,0.03464118381083667,0.02631578947604319,0.026462838168299252,0.030593610101412344,0.027602468940549678,0.04157722389500525,0.0330108924598232,0.03427123395647895,0.02556417432686949,0.017352889337030657,0.03212758189974058
2015-10-16,0.006075278736118345,-0.0013842210313697511,-0.009632536840675766,-0.0285210898693495,0.00013342253051796486,0.012628801597282094,-0.0013557727798101991,-0.007497266415838658,0.006075278736118347,0.015653197174915413,0.003525045386345406,0.00722469216061291
2015-10-23,0.03168196043512201,0.025810362393000472,-0.010018669105685692,0.051353014143967125,0.059467726659200956,0.022064802107661586,0.012607746689413682,0.05727261581420751,0.03168196043512202,0.02626752990513374,0.03737741802139426,0.028957750446072038
2015-10-30,0.001930779360209406,0.002268462587969993,-0.018181818128949458,0.0032266431534356413,0.004958518516643989,-0.004312575071406111,-0.00023148639296901403,0.002691024761055897,0.0019307793602094058,-0.004790425016555967,0.0027036747200463026,0.0003929422225374755
2015-11-06,0.011156775812036425,0.003965950502317753,0.026904261057653117,0.013888442973437718,-0.008305826694001527,-0.004631975422176174,0.0044370132567070585,-0.002687531023906119,0.011156775812036425,-0.00949205436185173,-0.006423620991058731,0.0030540230448097457
2015-11-13,-0.03295115265818492,-0.01721814288369513,-0.04014971080556029,-0.020877164239725254,-0.02342808430128451,-0.016641113419736866,-0.017965176464311762,-0.03717625971479445,-0.03295115265818492,-0.0218906569219916,-0.0196780613289901,-0.02912156655048953
2015-11-20,0.03305278518568071,0.020928622623100412,0.06469336954043822,0.06100032010338125,0.059613500947172826,0.03203587679746044,0.010351938733654992,0.058186351558348885,0.03305278518568071,0.03847652488222475,0.05030447130120934,0.033916960275978514
2015-11-27,-0.001609406556719901,-0.004948168479502029,-0.0029965041104923107,-0.010359023773650528,0.0002384407690740149,-0.004932534195941426,-0.005640598330370224,-0.0017738494121714533,-0.0016094065567199005,-0.004164674608661531,-0.011754288194286897,-0.0028228660791606666
2015-12-04,0.011463606205324963,0.01129398225773851,0.0045249775012894435,0.01055027807247078,-0.005441922556820061,0.012272626895051925,0.018050532985134687,-0.014182065773443577,0.011463606205324961,0.017243972294948187,-0.013847683399853658,0.013926845131322522
2015-12-11,-0.03669833307891893,-0.02242870099851613,-0.005028498249430011,-0.03303974527549838,-0.018517857648602216,-0.020271395418055376,-0.01989751795108241,-0.024111645548557565,-0.03669833307891893,-0.02558162562592511,-0.0267354844147027,-0.03388525886332509
2015-12-18,-0.006187568533737232,-0.010654488814207361,-0.008591645115794102,-0.05900227075837485,-0.036815955274903875,0.0030362426246807626,-0.00539830572233763,-0.039744846359708,-0.006187568533737232,0.008917228561322661,-0.0006389160839988632,-0.0022536168500859226
2015-12-25,0.026734311397001165,0.026443051191382093,0.03364485867124782,0.0245559547407115,0.028177035109356374,0.024997063759991302,0.02674686655185303,0.02663102195548053,0.026734311397001165,0.02502554282008104,0.01742786516177323,0.026057853688000274
2016-01-01,-0.010854567456876872,-0.010378543103920536,-0.025641025524127014,-0.013007784693315635,-0.01129886742187592,-0.008120586368040814,-0.01459639199164222,-0.017408133896330075,-0.010854567456876876,-0.008537991638472216,-0.0025147006270488793,-0.00990338908547366
2016-01-08,-0.0449711397859947,-0.03398246906644146,0.03654158944539268,-0.06280454486334812,-0.03270804997165083,-0.01986182247446759,-0.02944624133380789,-0.04584128992546895,-0.0449711397859947,-0.015334207281703538,-0.02789609644614361,-0.03571559478043598
2016-01-15,-0.019391483105981638,-0.011675095103590992,-0.02533836929370015,0.009174298352727171,0.00972102228275154,-0.004793489094511264,-0.012273534698497691,0.008386074444907753,-0.01939148310598164,-0.0013287888139662685,-0.00038853201928632734,-0.013828622387146959
2016-01-22,0.005598336028503469,0.010503628666291372,0.012271919787289741,0.014754165517395747,-0.0055148545749009546,0.00922624784240772,0.0007627688346343352,0.00528806911674708,0.00559833602850347,0.0056474980691685545,0.008399305272699623,0.00636378768588289
2016-01-29,0.03316751401168776,0.04114843706732979,0.0585420319935438,-0.03678164933613185,0.007975971390057762,0.03752413231048006,0.048703772674752246,-0.008889948341587505,0.03316751401168776,0.0364398988551108,0.00961167744867862,0.03473052654465301
2016-02-05,-0.01279094096309244,-0.006390479407178814,-0.028907823176865553,0.0044549753101813345,0.006152517153653468,-0.0005517300486370755,0.01624272519494275,-0.012892250873641917,-0.012790940963092438,-0.008635113454651261,-0.026150696056736002,-0.006883350496549277
2016-02-12,-0.009388937947259663,-0.005814114268030758,-0.01223880537352859,-0.0172575236054843,-0.01190972921979843,0.008474508551696283,-0.008507277949156148,-0.01073756398301462,-0.009388937947259663,-0.003457280983635326,-0.002923521476751622,-0.006427204661993827
2016-02-19,0.018188579688013223,0.008691258258643522,-0.02296766082449099,0.026978866008066125,0.02731170547879082,0.006006306202290252,0.011727980713867287,0.028238605405194777,0.018188579688013223,0.003936798370040935,0.009122235363604162,0.013648507526622089
2016-02-26,0.014937556533516744,0.004306672888525095,0.009058725600119626,0.010968642077862589,0.021919636355610148,0.004354386821140232,0.0045920657583904895,0.0205746877211077,0.014937556533516742,0.012006216140776401,0.010908248408665838,0.013158199075896175
2016-03-04,0.030034249320564806,0.027257066731877867,0.004059540176282575,0.03104048347810059,0.022238310141516487,0.008049016004463293,0.02824059350375963,0.032500997393983336,0.030034249320564806,0.01306517663290079,0.014183117028410741,0.024549139761651836
2016-03-11,0.010452415926714776,0.003751219801915483,-0.007280843074857443,0.013590540458378675,-0.004600814171579799,0.012049438181460377,0.009053451304009327,-0.004543283660769299,0.010452415926714774,0.01855047802717097,0.012964385323191037,0.012318795600616838
2016-03-18,0.010655019880383428,0.021640870413479882,-0.0032752715659540017,0.01620557790911133,0.02318859626001116,0.009755057076257335,0.011447400637730885,0.026901877033259008,0.010655019880383428,0.011715821772725768,0.014734189707279013,0.01149259348337131
2016-03-25,-0.005134298012622818,-0.0045260307615978095,0.01568333746596444,-0.008621758964322384,-0.017874695376208463,-0.009583266135254441,-0.012886081880811922,-0.010944804050239672,-0.005134298012622818,-0.0016550352351316913,-0.0019066591460428712,-0.0042386336134364435
2016-04-01,0.016351365940437446,0.021141018493453366,0.015588236752180728,0.04216027761482191,0.028483952142472735,0.01941543295722515,0.018393362764152536,0.03007006612586307,0.016351365940437443,0.01839790850904434,0.026465069197641126,0.017085943366773593
2016-04-08,-0.002737212598908717,-0.015109281485024335,-0.014480160698846093,-0.025500772583691603,0.01840829562511004,-0.003383403582516937,-0.010905016573856856,0.01304591884005867,-0.002737212598908716,0.002171645445584044,-0.004547240574798233,-0.0014511609628836512
2016-04-15,0.025484125325560755,0.03509610524515531,0.014692918041441782,0.00795111510285044,0.009604182750193261,0.012460869945216507,0.030882145365527424,0.003768647686204076,0.02548412532556076,0.0066185476671154105,0.00798137542450053,0.019185441284785998
2016-04-22,0.009252253363733604,-0.018217135551993523,-0.004923255197981963,-0.01124323266659753,0.007635050874607438,0.00036527905933558943,-0.01653766163344298,-0.005843350952193313,0.009252253363733604,-0.00924202979810584,-0.015996860119114123,0.003504679796208934
2016-04-29,0.0008970685324454653,-0.02240933076658673,-0.026920838507268015,0.008688706304816857,0.007197565071079517,0.019820990770510888,0.006129379784270085,-0.052794064653287974,0.0008970685324454675,0.014822511845307038,0.042067453607997116,0.006121714009694083
2016-05-06,-0.0030677245381580173,0.008273074975590624,0.020637053383781877,0.021874327164870123,0.017142870810901066,0.014669781601618307,0.015579122104261985,0.015123343164491414,-0.003067724538158018,0.008464521138848099,0.01357797224670125,0.00045983371967493747
2016-05-13,-0.007561781526733567,-0.007104219487505205,-0.04133432014401164,-0.016365692226188354,0.001782213391630468,-0.00401823785360957,-0.008010435595968474,-0.0029410750742380628,-0.007561781526733568,-0.003091063048191841,0.016411042751859468,-0.0061533340667281194
2016-05-20,0.007953538594986915,-0.0022041348830990903,0.07576223611948917,0.026162221859531407,0.0028269525664489396,-0.008927656432985803,-0.0050709189296055356,0.012268122749475804,0.007953538594986915,-0.0076044961478405615,-0.013398241847241059,0.003123683245443467
2016-05-27,0.018257312808569306,0.013364504210004222,0.01273976871928654,0.04819193924910384,0.008790874944010846,0.01338253188643638,0.014201150426407894,0.022416119535226812,0.018257312808569306,0.012431449539398013,0.002809144959881723,0.015448871682907985
2016-06-03,0.005666672104418264,0.008537411024748563,0.0016961130157153279,-0.006466751788261232,0.004433262882781006,0.006632660402881547,0.0069180666460363655,0.0012750183061336663,0.005666672104418263,0.01139899140339663,0.0226086798024569,0.008805864170699503
2016-06-10,0.006737610040075476,0.006265222279277052,0.0038097925968438293,0.01100630027967031,0.005187057119231894,0.01151037612685756,0.003623665694017948,0.007852012028651673,0.006737610040075476,0.013588034918646533,0.008828661454773306,0.00949594830499565
2016-06-17,-0.008214697433241392,-0.007142004173719716,-0.002670790039717543,-0.015375903783384074,-0.015884881613163884,-0.007493259451760456,-0.013503784086256566,-0.020863416652271215,-0.008214697433241392,-0.0037104064323436403,-0.006159754842714448,-0.005878320089316563
2016-06-24,-0.008863183546493954,-0.00024040415378488635,0.014235376854903264,0.000994587295317403,0.001810185941762766,0.0011248894663305649,0.0011275123996613216,-0.002711053849860613,-0.008863183546493953,0.0009823178799870172,0.00661841231717573,-0.005051606863430395
2016-07-01,0.034543779139124084,0.03400290214896351,0.011812119350239202,0.031101674679358742,0.04243872740338229,0.036559135406982454,0.03296067120179896,0.03732777488641981,0.03454377913912408,0.031110750212462287,0.03788592114538132,0.03405216431480671
2016-07-08,0.01113221976151943,0.008738294879638302,0.008238606913346828,0.02213566327480486,0.010844254655595766,0.004844705518098558,0.003364942565309997,0.011364907388477154,0.01113221976151943,0.008261643291056841,0.014392416848523385,0.010734998096416468
2016-07-15,0.014689133316316489,0.008904522695510913,-0.0023022751410175396,0.01874898187138945,0.020727255131112537,0.008833584013417887,0.009654376883343923,0.018188598919481838,0.014689133316316487,0.006638761250176255,0.001973595011670075,0.011056321386881254
2016-07-22,0.006643366264938683,0.015470702525259242,-0.0016288855633382075,0.0013114706348061672,0.000609773616084439,0.013683278855762045,0.012132336628955097,0.0022167989345247725,0.0066433662649386825,0.01575025416828146,0.009203804120324231,0.008313862759093692
2016-07-29,-0.0008433138633003436,-0.0022469595559758476,-0.007885786144005426,0.046993628443098456,0.0007610081519100666,-0.017799835591822924,-0.008199594380364399,0.013053803365998654,-0.0008433138633003445,-0.014062324215312519,-0.003351714514558458,-0.004155137426568847
2016-08-05,0.006651915372340989,0.002310255875400005,0.010826368279568994,0.028296321858719487,0.029589863382933543,-0.0038591453037172003,0.0030567125946261604,0.031753713969625307,0.00665191537234099,-0.0021276543473678334,0.003092657261545945,0.0025903210903211868
2016-08-12,0.0033468055917542094,0.0030309527857112183,0.008535714345169199,0.010355570164314837,0.010575572168554228,0.004586527158114428,0.004233326178844555,0.012060924365443006,0.00334680559175421,0.00468256045019715,0.012089338186925449,0.004318084511462072
2016-08-19,-0.005939460753545067,-0.016747730678669526,-0.014616321483641719,-0.018869194745307377,-0.024770973523786332,-0.022678073339258052,-0.017551716903841094,-0.01722170426931429,-0.005939460753545067,-0.02192403200884193,-0.025043330114532303,-0.011159458829195943
2016-08-26,-0.013078275795016293,-0.01984561162836919,-0.022936409073370988,-0.03404915555197325,-0.0361017780820922,-0.023732023444250287,-0.02457753710755325,-0.03327536366592923,-0.013078275795016293,-0.015073034330183565,-0.026544739705042793,-0.014880473209591292
2016-09-02,0.003130168769687902,-0.0018207166639607171,0.019117232280738396,-0.012420692968378963,0.0064789150041059534,-0.0020483599900871356,-0.004214839852751455,0.004446261004563558,0.0031301687696879024,0.008030763070107503,0.002557212546514824,0.0044198468803646074
2016-09-09,-0.022141688897302246,-0.023227068075662057,-0.030344827557061898,-0.036595073934677425,-0.02384406648219784,-0.027059034561909504,-0.02520061349513971,-0.029559368080358753,-0.02214168889730225,-0.02531633898124634,-0.024084045407083775,-0.02315618064932864
2016-09-16,0.007132887213657607,0.005980502331583296,0.03655761093834083,0.03367713818171981,0.010467475149907986,0.01054284036507867,0.006766357018236464,0.042912374809287966,0.007132887213657607,0.011233300066147513,0.011636657117558433,0.008540077259223155
2016-09-23,0.013107486811354097,0.03094431993118072,-0.007135995591264727,-0.009977955072623642,0.02608617893873436,0.02735836066680377,0.027959520884296714,0.01883390575792763,0.013107486811354097,0.02257485119780362,0.03727910483631329,0.015784360250547746
2016-09-30,0.0049268176963499655,-0.01112059708279333,-0.0031789909899774963,-0.005189570074462047,-0.017819749075593656,-0.019137112763734625,-0.018525641099559273,-0.014263970389420788,0.004926817696349966,-0.016730218090160304,-0.007631846748660459,-0.0017347869368573446
2016-10-07,-0.010410597003390304,-0.020101600492696534,0.008934099644587619,-0.023244167470779068,-0.01748691680142881,-0.02959650990697672,-0.025720564880139955,-0.014879191089934124,-0.010410597003390306,-0.02262992006809111,-0.03510019268018964,-0.01604008851278916
2016-10-14,-0.0022886313691299676,-0.009230032307342857,-0.0036390093062813465,0.007318114751946413,0.0015211829469955515,-0.004086276967478804,-0.006598489410214516,0.009705334525114758,-0.002288631369129968,-0.003494276513227099,-0.007414073472896401,-0.0021999911779410197
2016-10-21,0.003112783856691053,-0.008789287259084178,-0.0016070125330068287,-0.00862087366117491,-0.0023331889110359727,-0.0053454111361185596,-0.003237141222726054,-0.006131468479697406,0.003112783856691053,-0.004946570261727074,0.006105003515400394,0.0005502083206750273
2016-10-28,-0.004307140118898399,0.012706276330292185,0.02414398029430604,0.019912456719074656,0.043721003113255115,0.01085017165909677,0.01576283596534919,0.031417587107172774,-0.004307140118898401,0.007130555481686809,-0.010429441650169697,-0.0011161661799926432
2016-11-04,-0.016292020113403603,-0.02867033918033511,-0.011858838647773763,-0.04236808289938303,-0.03575253878094409,-0.024924321869329764,-0.026632984412412845,-0.039002265586387475,-0.016292020113403607,-0.01734046391325882,-0.012544296747349358,-0.016551657700227523
2016-11-11,0.03646427981413677,0.03197885884517444,0.029930594653716114,0.06450098609529183,0.06726393585611372,0.03195140848431513,0.03534983967251873,0.05732534558966683,0.036464279814136774,0.031829634107786164,-0.02116548814984051,0.031353815713075606
2016-11-18,0.013937235613657274,-0.002439980494888448,-0.037764986505743225,0.010360545933935815,0.018178364567498675,-0.003377769152058702,-0.007862087446404792,0.0144835925911498,0.013937235613657274,-6.432302005066818e-05,0.0215643375645518,0.010993688933481776
2016-11-25,0.017397609506504985,0.003450175454257094,0.039247152322191774,0.011150144482045456,0.007871341280721434,0.008619540525508434,0.0042325784088029315,0.012072018340051388,0.017397609506504985,0.015291660971083268,0.011041177347752305,0.017066618933064742
2016-12-02,0.0009566989829784271,-0.005976914835377763,-0.0049136599868648614,0.003961759227448997,0.009732604261750828,-0.005363236025581297,-0.0038439038779583086,0.0028431898978668814,0.0009566989829784284,-0.007995327195767727,-0.0009834380965655365,-0.0012450801185122313
2016-12-09,0.027987990792230154,-0.0032783104001893083,-0.004284460328315456,-0.028726532496928615,-0.002787767739360505,0.010924452273884628,-0.0014615058401540398,0.0012086123639714584,0.027987990792230154,0.022882161545967523,0.0024323950559876862,0.02534781993106102
2016-12-16,0.0027541142983115168,0.00539074338883869,0.012842465235786927,-0.00178892807154139,-0.021519346395922463,0.014954701422640385,0.008981479901839515,-0.014690393461142126,0.002754114298311517,0.016522616823307155,-0.017614949410570884,0.005655481738152294
2016-12-23,0.008782459138472544,0.007796341668205068,-0.02028739976198496,0.005308336954594167,0.0056116704104668845,0.006472151553735862,0.006756213010924963,0.0034793588136824987,0.008782459138472542,0.004157009838063559,0.010309024050136166,0.007942516740957212
2016-12-30,-0.006647163604524654,-0.004170077545124093,-0.006039689491931813,-0.0036224875433039493,0.002560001713230984,-0.005033271494121188,-0.005233165674018598,-0.0010667839527855243,-0.006647163604524654,-0.004274483716750736,0.001042604014296635,-0.005124092509087793
2017-01-06,0.01598591273320212,0.008906627960608432,-0.012442127141785135,0.023702547790631922,0.024688325792177165,0.010238713502488384,0.014682526968226872,0.02596556104481146,0.01598591273320212,0.005862917092235433,0.030397154030848306,0.013623799216157965
2017-01-13,-0.006948824548328753,0.0008380204420856394,0.009583580493688227,0.001362826775580135,-0.005085663972297042,-0.005117240492645961,-0.0027088500764335744,-0.0010704207513966054,-0.006948824548328752,-0.010009232959972861,0.0030386170460008693,-0.007984051229111139
2017-01-20,-0.0023319860498396687,-0.00410422894633858,0.0007448237095451955,0.010321985222983412,0.005611349536581885,-0.0006222876774083811,-0.0032284907965850563,0.009504286343617267,-0.0023319860498396687,-0.001987782587464854,-0.0066369134379386605,-0.0018589128263117973
2017-01-27,0.007336332120104012,0.007336254596231045,-0.022625781355139835,0.0020605916268479573,-0.0012420345298805049,-0.005506367668717191,-0.0007990584299298023,0.0003516084559508268,0.007336332120104012,-0.0010014212794369677,0.013723029745364154,0.003210807375920423
2017-02-03,0.0028121632769410095,-0.0031731133827539787,0.01279317782510993,0.02925927148785705,0.022844098599094722,0.007460330806715016,0.0014860380885619575,0.024551315835519137,0.002812163276941009,0.007060978333144881,-0.0006561832159123282,0.004956833761552764
2017-02-10,0.010111417333336476,0.008974224921873629,0.022857142847833557,0.02596966252960977,0.021654006838988573,0.011385670685597222,0.009311226498139185,0.024660380522632943,0.010111417333336476,0.008739057493303228,0.014630842225327297,0.010364557513122317
2017-02-17,0.01592533694178519,0.014136382928699377,0.019847103797986862,0.024948826877738545,0.018868317096129572,0.012257125133046219,0.012347825303116025,0.0211149548666115,0.015925336941785193,0.012172178180403403,0.015114636029798727,0.014417558754471455
2017-02-24,0.005913821169187534,0.014747555985908836,0.043534664524382066,0.006958689775737655,0.0004735493429525819,0.020151150560230473,0.018610075845290282,0.0028259913439869543,0.0059138211691875334,0.021017286432278813,0.004320957989344519,0.010434479712556496
2017-03-03,0.002764194749142956,0.0030131532018862674,-0.03260118344141835,0.021664560336349774,0.009773174032362374,-0.000716486956061881,0.0009918444431612928,0.013546626753327991,0.002764194749142957,0.002053009330329581,0.005152904583940021,0.00108546311829035
2017-03-10,-0.007910935904112381,-0.0006583310560978428,0.008313462751376007,-0.0035633474137551735,-0.0036045301121609826,-0.004645560296228501,-0.0038828281754209296,-0.001647533512008577,-0.007910935904112381,-0.0029034333825250676,-0.006302764160171441,-0.006929660496800554
2017-03-17,0.003110942351739615,0.003586984258162995,-0.002995719778953912,0.006490822685178406,0.0071484891953251545,0.009489083509794344,0.011108351683280757,0.008700724612377742,0.003110942351739615,0.006291168292204482,0.002476601501231813,0.004529498048924126
2017-03-24,-0.011874020694249766,-0.00882367185354614,-0.004006295610915846,-0.007330088624887775,-0.010014097331572264,-0.007181858704782718,-0.009832289148002675,-0.008732515633286517,-0.011874020694249766,-0.006150107816377745,-0.00991873943011478,-0.009176152177419527
2017-03-31,0.00818189272440585,0.011360315722765331,0.03548340751104705,0.016158192447252574,0.00541839975519442,-0.00203161405832881,0.009039521855309868,0.009520969144063722,0.00818189272440585,0.002091611129305532,0.009092259803829298,0.005992423441643741
2017-04-07,0.004530997686391364,0.0039564356339730385,0.011376248568252919,0.013652777489029086,0.006928843229570927,0.003121050506331161,0.003233022350305156,0.005391428743191216,0.004530997686391364,0.0014725897444602082,0.005456011109899442,0.004548945483125254
2017-04-14,-0.009283110281887271,-0.004385270946132433,0.00342935297873141,-0.012834538561726455,-0.01037552745966193,-0.0013281895933575422,-0.0016999833242611968,-0.011711803747624676,-0.00928311028188727,-0.002169191570860878,-0.005886753406235465,-0.0066827239864863195
2017-04-21,0.0026829522443231,0.003636499302663402,0.024470264363291003,0.01115184196806192,0.010784083260312525,0.004542833106552021,0.005632270803808079,0.013302508043893447,0.0026829522443230997,0.001136903805020806,0.010670882526720818,0.0022375519667323387
2017-04-28,0.014660193259062749,-0.0034365889445906366,0.0032025626972471007,0.01763797636892109,-0.00252020046931552,-0.0023908782548859504,-0.003925207243877288,-0.004607919697889799,0.014660193259062749,0.007923401646672594,0.012541873222648341,0.01199160445485747
2017-05-05,0.0029403389813263733,0.0016641129462962403,0.017557861132452265,0.027508017509203536,0.012718613267483837,0.00555526782280806,0.008162365229881854,0.019814737564554586,0.0029403389813263746,0.0011556622461051345,0.008958803427008333,0.002918275737890915
2017-05-12,0.004528822663955829,0.0014680417505512256,-0.003746177171433122,0.03873213220663461,0.012770814913618854,-0.003674511993860913,-0.004276156426271721,0.01716075824425731,0.004528822663955829,0.001000015240071022,0.010954915026334115,0.003292190058443347
2017-05-19,0.0017292010843614808,-0.0077610531054289455,0.04041738196813077,-0.009821545388003287,-0.005162944932739464,0.000746903439187592,-0.006606967998460812,-0.006101881565107077,0.0017292010843614816,0.008698884627400394,0.00471919813994925,0.0032834402649429086
2017-05-26,0.01022240501309147,0.015771486524086352,-0.008124920558132732,0.019354929691429993,0.023390211818354507,0.012186812689529631,0.014283298448941027,0.02079270887766103,0.01022240501309147,0.008001400988112542,0.027170740935479703,0.010241414474163818
2017-06-02,0.004609542812422125,0.010197916342828682,-0.03186504011348072,0.0071112510809807515,0.009560982112620004,0.016647308415773398,0.015699365549999407,0.0032815335115840855,0.004609542812422125,0.010700684387144742,0.0117610127287587,0.007432054799688283
2017-06-09,0.003721180595812551,0.017033276477290367,0.05227492571109097,-0.034762518677154935,-0.009051189810411552,0.0030789795484423964,0.010187168222630976,-0.014464463603261972,0.003721180595812551,0.0004960441674349281,-0.013775648233556193,0.001953002851505602
2017-06-16,-0.007533716711142947,0.015991470049999318,0.014837544701966125,-0.026184902750749896,-0.009564640314515479,0.0038503230892021146,0.00482457306142352,0.00446988500638419,-0.007533716711142947,0.003558141377553863,0.0072478105443379345,-0.005406719484994014
2017-06-23,-0.006232850126669516,0.007437819587186115,0.007890460549899404,0.015019504783348486,0.004672330245996821,0.0007627141808558354,0.006066887750786038,0.013550542060839325,-0.006232850126669515,-0.0036059182878738364,0.0056334165467503295,-0.005386619063749786
2017-06-30,0.0008568689867871681,0.017193820350771973,0.052268017126604366,-0.013638492133717959,-0.0038900535735655467,-0.004116645531802906,0.0025073182856333604,-0.007317518211161051,0.0008568689867871678,-0.013313979488073918,-0.024833844115683068,-0.005069879098778368
2017-07-07,0.00020032780422609212,0.008335397326417927,0.027340513427607124,0.006534636548942124,0.0028919251478970523,0.00428333086750466,0.008631467005164175,0.010869110578242606,0.00020032780422609125,0.00043368257706144584,0.012225292772663567,-0.0004332264644385873
2017-07-14,0.009507145599553601,-0.0031212704290801366,-0.017048479192815786,0.01981859132936205,0.008553061908346565,-0.004165189002630795,-0.004213518805972669,0.017685711383806275,0.009507145599553603,0.003961052469715393,0.007609727250509344,0.008312298944581709
2017-07-21,0.003874634474914079,0.01461864697437695,-0.014742546488654362,0.009930851756315282,0.012012645772527137,0.007509168657177037,0.014103713157135354,0.012959116843282048,0.00387463447491408,0.008044266540084864,0.011214622017929932,0.005867596958658799
2017-07-28,0.017097360044644457,0.020000470965506677,0.004290902210861956,-0.001297334340324544,0.028594735004481592,0.021693063996370308,0.02873360880813786,0.009022823982910976,0.017097360044644457,0.010990600739995525,0.010142449270248963,0.017064037645313862
2017-08-04,0.0065904403192304836,0.007604811863900662,0.02607361728428963,0.0031997624543328475,0.008544424367697975,0.006293598610814126,0.005012195965847847,0.018099669031630294,0.0065904403192304836,0.005282139645081338,-0.005055541456841632,0.006050237611059615
2017-08-11,-0.010724124795098645,0.004017330488509628,-0.02391628865598494,0.018092238649743065,0.005485743486782445,0.005502164521541253,0.006561933763170334,0.01512946987481065,-0.010724124795098643,-0.004110618169629609,0.0035563234893249986,-0.0076834264287325635
2017-08-18,-0.007231193608192516,-0.004629700892339074,-0.007438197366604155,-0.006683455600034101,-0.011545885779478227,-0.0032741583674416085,-0.0037758890019423228,-0.010407992028113017,-0.007231193608192515,-0.005867529707345808,-0.004921658750472282,-0.00651863788038848
2017-08-25,0.007897638029815034,0.008081590693846178,0.012673572469406131,0.013384281666056414,0.014419802555201245,0.009632746673109024,0.008041681060908412,0.012877484758029207,0.007897638029815034,0.00748289139649474,0.007136902657867852,0.00789793078321587
2017-09-01,0.009664516440654282,0.008689002460164835,-0.002067688219711335,0.01515922042223771,0.010212375246057868,0.0048446212138657605,0.007448161573009425,0.011412278651805458,0.009664516440654282,0.0010333660106120277,0.012677091442687846,0.007260028886543882
2017-09-08,-0.009760846879712482,-0.009542395706809457,-0.0357688102566906,-0.018828788055333317,-0.014705493894093157,0.0032383893403925244,0.006283159772174486,-0.003705783772574498,-0.00976084687971248,0.0034809897259688097,-0.001723541072503967,-0.005967489197320175
2017-09-15,0.021516943202290584,0.01838769633085604,0.036190906753380624,0.008377978069151411,0.01504459318135524,0.013227846211576286,0.0157283136298449,0.003481248252445445,0.02151694320229058,0.011780715120439964,0.0027583559197274727,0.017579838531995705
2017-09-22,0.006612936849320013,-0.014030884367458737,0.035036018282527656,-0.0010375578135275875,0.0026606035685692608,-0.008280655604619068,-0.008605279432860897,-0.014561417370837352,0.006612936849320011,-0.005895573229778472,-0.004533072037372241,0.002668096099557298
2017-09-29,0.0044817593326446255,0.0021287009394319713,0.0071707264051736165,0.013410576609362271,0.009959093601724896,-0.006687294060444238,-0.005918010093991775,0.007991619957157357,0.004481759332644625,-0.0014324323385497527,-0.00461446301585409,0.0019685622880350776
2017-10-06,0.010783867249218222,0.01629762856989051,0.02061584489653974,0.012502801024183852,0.00879497848950861,0.01678612563658466,0.01823248544821062,0.01746288629464379,0.010783867249218222,0.010422448370355523,0.01976386531739529,0.01023829841590031
2017-10-13,0.005623278805835846,-0.003954586799216886,-0.010936853889306868,0.009487347359771572,-0.007453786655395513,0.015751170909987258,-0.0014355598389252568,0.012412461749663128,0.005623278805835847,0.017689125387899712,0.020433637550809545,0.009260046074913724
2017-10-20,0.010545651944222646,0.005813847356892868,0.03807635932804599,-0.000916703649857516,-0.003607090605844951,0.011811592067873702,0.01017123083704734,-0.0026020557225986223,0.010545651944222646,0.009572981500548191,0.008092081894601564,0.010341212019411614
2017-10-27,0.007650791529364205,0.02266081450658697,0.022711281711705653,0.011403251760108046,-0.004922020813148877,0.01223918374342505,0.016477767724376178,0.005300593716705913,0.007650791529364205,-0.0019008502746539375,0.011351312848882057,0.004271720994204335
2017-11-03,0.005404419270567129,-0.003013613149878284,-0.0035373872752577852,0.0356104391936364,0.016879779878717593,-0.0013946374876400072,-0.00440582953097572,0.02745311163388039,0.005404419270567129,0.006390438395986003,0.007448702750098277,0.00535824916088736
2017-11-10,-2.141432684147314e-05,0.0027825694308209075,-0.03845774364382942,0.00953931740090099,0.012200788540802166,-0.004172675381386069,-0.0006374931151748003,0.008656110254764145,-2.141432684147314e-05,0.008231508132315067,-0.00433502773715407,0.0012882192322154749
2017-11-17,-0.0019172279564151685,-0.0011182853329767695,0.006460875421583138,-0.010650645093113944,-0.008494810657396431,0.003312464664412325,0.007900612327659425,-0.011068436871145348,-0.0019172279564151685,-0.002268726753227702,0.010148892618809434,-0.0007617719538037825
2017-11-24,0.010201653978436337,0.006551070151344039,0.0018341153403641098,0.030298477401216786,0.01994341693482534,0.004443170565686681,0.005313125971864316,0.023815729739343816,0.010201653978436339,0.008157695336575857,0.010999252413811696,0.009951335455194643
2017-12-01,0.029719370670617737,0.025812125946277846,0.06580553088851213,-0.014642882555182583,0.0015921718934698904,0.026514763878846815,0.03207120965959085,-0.008100001573803202,0.029719370670617737,0.01972128045966299,0.015153670744596972,0.0270637252350181
2017-12-08,0.001730992325969688,0.0032983217396554024,0.010878900643536868,0.008767431733211222,0.0007428534624862456,0.002996887055584473,0.0034445825604058613,-0.003324873643883827,0.0017309923259696883,-0.0014363913551478603,0.0006624778178731955,-5.779744668681205e-05
2017-12-15,0.017929964012386307,0.011149786797671044,0.0019824423849031983,0.02286076069999715,0.022179763449909323,0.012319506712966218,0.007613186391170738,0.02284947676416697,0.017929964012386307,0.01503546470546276,0.007746870879175808,0.016996045567954858
2017-12-22,0.004044431516895675,-0.008139407459576168,0.012342189301206756,0.0016328202263733954,0.002480645604934089,-0.012035553455920169,-0.014950163794013548,-0.0029372456958799147,0.004044431516895674,-0.005659569800304457,0.0016861358863163225,-0.00038621651230203065
2017-12-29,-0.0009941225954734397,-0.0029818986537162306,-0.004746392928807582,-0.006919090333090304,-0.005404274947070128,0.00037507840709193963,0.001614354977330585,-0.00832923165729335,-0.0009941225954734397,0.00015731704861894516,0.002792334564018323,-0.00014319053689517292
2018-01-05,0.019485694299724934,0.021301409656137568,0.018294417556244155,0.03510439492387365,0.028461785428467494,0.012417941395875546,0.012534623240635676,0.03084256632049949,0.01948569429972493,0.013765040073100736,0.015970767465123388,0.01608511571665449
2018-01-12,0.016267181523949303,0.034194311004168365,0.039966770015836615,0.015809824897315305,0.030489654561653354,0.018935692169417668,0.028630192848778047,0.029541352741660518,0.016267181523949303,0.007412868072299737,0.023370064572682304,0.01275948893869086
2018-01-19,0.003704352965873259,0.003544431818705493,0.0030176621034317935,0.0009996487118895054,-0.0010346380167879435,0.00529532287527654,0.006889494699053506,-0.000386948752421568,0.0037043529658732596,0.0010664163392478006,0.0034292434999184324,0.002678378076921919
2018-01-26,0.02618928177408056,0.03327201041263847,0.02928944327882312,-0.010805789268866528,0.019024868554115656,0.03494899244734693,0.03836238564842377,0.01609965600994985,0.02618928177408056,0.02427975476027043,0.021600629747298806,0.026336862506217022
2018-02-02,-0.03218062505798667,-0.018903645625178177,-0.01753782715887813,-0.03324141527774622,-0.028806583599807874,-0.030905440199116986,-0.024975544115605028,-0.030129780444371958,-0.03218062505798666,-0.0368154889078301,-0.033584568575800555,-0.03383926543827934
2018-02-09,-0.05261262952636644,-0.053065288980136543,-0.03710185603331128,-0.0252229238987878,-0.04526898326449036,-0.049477339917055996,-0.050899911622675896,-0.032444771577505804,-0.05261262952636643,-0.0515788039266256,-0.05154681478472524,-0.0516452923172394
2018-02-16,0.042155823477492596,0.04251365848637942,0.042166484946034546,0.08098559103965038,0.06894543100139097,0.03990051677889424,0.04036053960253744,0.07063218594548666,0.042155823477492596,0.03757805002035547,0.05779991853044319,0.040872047318252766
2018-02-23,0.0009460161617123155,0.013859490633825609,0.02293337827593373,0.01091506744373402,0.022759881635862424,0.008651348070854496,0.010605646286960112,0.019632227827543522,0.000946016161712315,-0.0014412055697332546,0.00104976980827369,-0.0002883304010325993
2018-03-02,-0.029006117406797517,-0.04004319642171146,-0.03401244582037398,-0.012979430077510958,-0.04746651406922217,-0.04358672865490998,-0.04394348165355447,-0.02191522103219707,-0.029006117406797517,-0.03396830425892165,-0.031481005958015014,-0.029962497602466213
2018-03-09,0.0247282477208629,0.027775334858100142,0.04165195756410886,0.01222063709756031,0.02527582952710435,0.018079555873521485,0.01967506784573369,0.0212259374278802,0.024728247720862895,0.01945462704763472,0.028975159453161325,0.023374161769565187
2018-03-16,-0.0073660614257676504,0.003195641835478897,-0.02202643079827132,-0.014450368077335398,-0.004833806981564328,0.004235099670254297,0.004529727673717463,-0.011644711124566368,-0.0073660614257676504,0.0005501221660559291,-0.013810260216870087,-0.00484930160642955
2018-03-23,-0.04515324473151072,-0.038236208943821307,-0.07302494444459166,-0.04458032275507588,-0.033431001488405526,-0.03564259499734009,-0.03538132035523438,-0.03867602059486038,-0.04515324473151072,-0.03857302085217178,-0.044553140206773215,-0.042403843641464045
2018-03-30,0.020362017284689837,0.02557245878451423,0.027660965766431504,-0.01232891234717036,0.013004305209089516,0.025634282152017202,0.027289087413902697,0.01497199429051915,0.020362017284689837,0.022193664516317504,0.0010612654896721679,0.020542242012303008
2018-04-06,-0.004647671779071582,-0.008268023470262571,-0.0030368737349260595,-0.014520838602529893,0.005690433068965987,0.0015042912987731742,0.0003790028065719796,-0.005878681054454732,-0.004647671779071582,0.0005656386633075079,-0.013131105463014828,-0.003270388069773044
2018-04-13,0.023004964998995375,0.010604882542672363,0.011091760630335309,0.029158064567179023,0.026979287784835992,-0.0020129974936889637,-0.0023026463971700037,0.026413454157757473,0.02300496499899538,0.015206815388750817,0.021381675177507345,0.02106770899087328
2018-04-20,0.006571101216510507,-0.004154148612547743,0.010607434255158324,0.004479439431465214,-0.001846758919646323,0.002564943191637295,-0.004616381712020207,0.013593081330276544,0.006571101216510505,0.005186883348772908,0.02201192187821653,0.006008586498641987
2018-04-27,-0.003999749514284178,-0.024517690728776242,-0.01857001873304503,-0.05045305526192667,-0.03338536728552459,0.0037214510630932465,-0.0019423468850039184,-0.03555160424221934,-0.003999749514284179,-0.00900091798998098,-0.014626972861690454,-0.0034101856901795234
2018-05-04,-0.006334593579419267,0.013806541377243915,-0.008866545379923851,0.04710858932487595,0.036180405089264324,-0.012431127938091934,-0.008452638444747066,0.02919746918220131,-0.006334593579419268,-0.006505464946415414,-0.0021723293809626345,-0.006739954939205026
2018-05-11,0.022342242005668568,0.009137753606933282,0.05007839012082501,0.034367100318034555,0.025638803097547236,0.0007949294973006085,0.0002929413702864366,0.03799600817507074,0.022342242005668568,0.013322602928906881,0.02647762705935464,0.018607629178421563
2018-05-18,-0.009171218963001,-0.01765199203391187,-0.023976812530813758,-0.011648209346750264,-0.010486075306197534,-0.02081720209200092,-0.02056645697532507,-0.014413836767723384,-0.009171218963000998,-0.013368608285808527,-0.01554858654708039,-0.010608947624972262
2018-05-25,-0.0024634793603895587,-0.0049464739806797595,-0.004229281599923417,-0.018011371860935026,-0.003916080275910438,0.011732617798404057,0.01048531180657069,0.0038304431786871035,-0.002463479360389558,-9.372989576300443e-05,0.010390311568468952,-0.000958989647457241
2018-06-01,-0.004132681485082673,-0.005572606082521687,-0.020422916125739526,0.004839719235584419,-0.00811336861176298,-0.007401730591293728,-0.006749069104022908,-0.006161436373189697,-0.004132681485082673,-0.002567597175008947,0.000644636135095954,-0.003812018601456936
2018-06-08,0.018168211474445518,0.002842774177447681,0.024999999680208492,0.012008997677890983,0.02091313012870661,-0.007511758453238702,-0.0035221647926096267,0.018819011511434093,0.01816821147444552,0.007045245201739337,0.01587650272530449,0.015885068534140852
2018-06-15,-0.012014546731566312,-0.003937908001159716,-0.028890287839279737,-0.00018857047763488465,-0.024536532528035004,-0.0018048610763680972,0.002923237099384067,-0.01790326529281223,-0.012014546731566312,-0.010114467276102039,-0.012070656044441247,-0.010440218145060968
2018-06-22,-0.006932556989521105,-0.0037734005250049446,-0.019925856970984358,-0.023118154572318268,-0.02101135238983374,0.0033180602260407576,-0.005907517288658362,-0.02150458727695331,-0.006932556989521105,-0.0030904505079693678,-0.010138720634352831,-0.005141911615743027
2018-06-29,-0.007271159992126786,0.006848271469200791,-0.014657210080897024,-0.012711386478351783,-0.017656637321329244,0.014424074833291532,0.015356759776197361,-0.009014150734858032,-0.007271159992126785,0.0025956165665918804,-0.01574283872054819,-0.004737401562963058
2018-07-06,0.00951195068299419,0.011128245522757013,0.0040483276650018305,0.008585270287068635,0.012105931196790215,0.01454497386844592,0.014877917735292446,0.01096178089377461,0.009511950682994192,0.01156704695368024,0.00997957022078779,0.010440789265388484
2018-07-13,0.01893364196922264,0.006532160184076052,0.02210263302263683,0.027546399755405113,0.024486687741079545,0.015419388391476765,0.016077841970427276,0.03993212623863003,0.01893364196922264,0.014762406047334913,0.034708675988788316,0.017068715706393792
2018-07-20,0.00402545309712008,0.010238910921504547,0.0462579898773385,0.005646091276578677,0.006385096568701043,-0.0036072485618475264,-0.0025688029860716265,0.014669564633945443,0.00402545309712008,-0.0033115045447678583,0.013475850783187956,0.0018227775981206288
2018-07-27,0.010810282396998926,0.015827960418455807,0.04268511409207971,0.0005732973591762656,-0.005784067429761243,0.009461820088158168,0.009591480492415398,0.018841079739889806,0.010810282396998928,0.004827406910857476,0.01150379280437536,0.008971807127933478
2018-08-03,0.010992495035881594,0.002653005190910541,0.009135566822781426,0.033741338784200145,0.02218631889952121,0.00782368943786376,0.005242876629557766,0.032677880608784994,0.010992495035881594,0.006791894873873931,0.01673505737850773,0.010299477809125388
2018-08-10,-0.0033747426580711063,0.0010211451607104562,-0.011614996819157371,0.020316065100342496,-0.003722358430854022,-0.006372188063265134,-0.0007084214634466384,-0.007279526377279222,-0.0033747426580711054,-0.004160275736931965,0.008115749445568702,-0.003308534149957726
2018-08-17,0.009902781193348888,0.02713070928291233,-0.00829516841140086,0.043687094445570826,0.021343267581386185,0.0340130557629489,0.03366842619609282,0.015689973920827726,0.009902781193348887,0.014374567833278016,0.007436900379061852,0.010443159853246006
2018-08-24,0.0006791580339864161,0.006127104038015142,-0.0007841768316182531,-0.0037511846972117942,-0.0050990977539511675,-0.005735333976854273,0.0026071425784189453,-0.0014679911304529788,0.0006791580339864154,-0.00494655663112275,-0.0009538519257155794,-0.0010033238293126793
2018-08-31,0.005079786127017527,0.0032406322865786326,-0.0008719914844826564,0.025181211137763775,0.01806526893353249,-0.0021223129328628203,-0.0037058321480405326,0.015247873878631475,0.005079786127017528,0.0008925176648199029,0.030067000977319937,0.0038352808542026252
2018-09-07,-0.0034767698692590005,-0.005891424087972039,-0.002269156840744289,-0.007337601879302104,-0.00795971815683512,0.004532230090104824,0.00238589076637205,-0.003553988841150079,-0.003476769869259,0.002801551787866844,-0.015206943876672489,-0.0029345224139557223
2018-09-14,0.010115154620929392,0.009302907601489599,-0.007172846668275038,0.016306718659957156,0.012365418264096501,0.007799078877158294,0.015510226181891197,0.009555554184413407,0.01011515462092939,0.01066242117449493,0.005333529652726733,0.010023702260136163
2018-09-21,0.017021177642085005,-0.0062628577026904095,0.038325990381101314,-0.013323014609371919,0.009300948181568337,-0.010980814109937747,-0.010425781499089574,0.0035592549316815067,0.017021177642085005,0.00515501765481248,-0.004718804459295695,0.013069458269308732
2018-09-28,-0.005975974003852132,0.017481398356713994,-0.04251166729682474,0.025635540220944563,0.01907451851190014,-0.00046377634394736706,0.011001563597795166,0.009670408992057304,-0.005975974003852131,-0.00541986784245362,0.008982017227025527,-0.006107607357032663
2018-10-05,0.0013117443837750873,0.008373234960433362,0.022824253897916497,-0.0010644389253068663,0.005159365907158011,0.0179666344471416,0.01927066266515091,0.0037194628766854185,0.0013117443837750878,0.007649062413508105,-0.016120735443376395,0.0021547339230658428
2018-10-12,-0.02786139633323942,-0.028042413785742654,-0.06691676820640427,-0.051011413585050354,-0.0323986066899337,-0.0314328149506572,-0.03201430747432485,-0.03245112714845154,-0.02786139633323942,-0.029198026414189684,-0.03382160353379901,-0.024606389494246674
2018-10-19,0.004345021582718905,0.009516799813524261,0.008976156385118837,-0.020343817895226785,-0.006047165514116639,0.018520613445594483,0.018398358353650203,-0.0007151506764419906,0.004345021582718905,0.015023904236528399,0.0009736832421757119,0.008208610721428772
2018-10-26,-0.04377679298869647,-0.031057735205014467,-0.041608749220560785,-0.03544792624161693,-0.02098973421665637,-0.022573494891041282,-0.01952992865750022,-0.041546699999402914,-0.04377679298869646,-0.03889990692497061,-0.026543002851762598,-0.04004220941288132
2018-11-02,0.025319146564777698,0.03651883850911027,0.04795977492039972,-0.032237775607546565,-0.011550943380179332,0.006623723833883315,0.013558994691965453,0.014228613716701963,0.025319146564777694,0.011318345665874936,0.008852773717096588,0.021404425149872484
2018-11-09,0.023098621279748023,0.029251911408013594,0.026849971722173554,0.018310004318474342,0.022826054115115978,0.03689522368387479,0.034466517194027047,0.024752760530748742,0.023098621279748023,0.03255764983488385,0.03113079218890346,0.02599187631659242
2018-11-16,-0.018606632604134025,-0.020200464432999724,-0.01168119332860473,-0.05083200189275865,-0.03094292612430074,-0.012426111546777568,-0.017723542763359423,-0.042304600405541105,-0.01860663260413403,-0.018561453112179133,-0.027778445288457652,-0.018747819100909488
2018-11-23,-0.03756831624727567,-0.03419141009542395,-0.030366397326475253,-0.08426194577409454,-0.050796203397974526,-0.026651416486212987,-0.027316270165343295,-0.045617462173238366,-0.03756831624727566,-0.028657257870198904,-0.048243264550010184,-0.03490498276333803
2018-11-30,0.04911933118099501,0.04326556884392684,0.04256915177180589,0.07517915220513419,0.03472145845301691,0.0378704062563884,0.04158750292925613,0.0344489721701713,0.04911933118099501,0.034372799466624505,0.06418499789893384,0.045158471230565926
2018-12-07,-0.04129463033060341,-0.036467937188117736,-0.07104955363530724,-0.054379209104701065,-0.053271340642484434,-0.012873156471998977,-0.019416064043837652,-0.04876477960155296,-0.04129463033060341,-0.013513454765712363,-0.03980983311537361,-0.03321540126644941
2018-12-14,-0.0169732668118368,-0.02449731228567832,-0.029044437254014864,0.002216796518095904,-0.0036788520588237213,-0.001723588873261117,-0.012085429864505885,-0.014380530347233635,-0.0169732668118368,-0.0005088518577586712,-0.008715868635338426,-0.014120277140699827
2018-12-21,-0.06561326259228134,-0.059885013971652495,-0.061023033393260526,-0.09798614216140175,-0.08321163548407609,-0.04428195078532532,-0.04703734394871652,-0.07221714734276662,-0.06561326259228134,-0.056823931274811154,-0.06979370261860941,-0.061908410609869124
2018-12-28,0.023595118090025537,0.024035256205941893,0.028246787707302122,0.0335814014193497,0.010565630171153167,0.0008070650317190597,0.018471725129510955,0.02660699270622645,0.023595118090025537,0.002523525867757446,0.026813841765303062,0.01814004585673839
2019-01-04,0.02525079176620052,0.016353682105268344,0.04843015831155925,-0.03407029206982005,0.01881006881920527,0.0076337810739271665,0.009146728876198268,0.019831752157046,0.02525079176620052,0.010629356028940181,0.023343494519462892,0.02084431864919357
2019-01-11,0.023111806888806596,0.01185633951408422,-0.007746548721985789,0.05574751925575243,0.020454449447927656,0.00437034581197301,0.0030829399387252167,0.023342914654194767,0.023111806888806596,0.015310614712829828,0.02047221531203183,0.020525479260578426
2019-01-18,0.023047286613441617,0.008400214104797413,0.04684215704556046,0.037129039540594995,0.012982504100297228,-0.0029410425006698056,-0.00015138902009218316,0.01219521458319547,0.023047286613441617,-0.0024033482794651763,0.019313803367408393,0.014129569101980741
2019-01-25,-0.0038381112922341483,-6.65776662406802e-05,-0.01147337026196451,0.00854204035139534,0.0028488181894809426,0.005577944025200601,0.003810975443983236,-0.0015359244392776864,-0.003838111292234148,0.005842114998636254,-0.005894676034359387,-0.002125550110042202
2019-02-01,0.00022519385541160987,0.009091244545266115,0.0047393357022701785,0.03070158495579506,0.010424428687415747,0.0033692352701324493,0.0027860316039952787,0.019656025168142795,0.00022519385541160987,0.0043763285540006705,-0.03281736685929411,0.0023556828106790044
2019-02-08,-0.005831342771963111,-0.0005870747388904893,-0.02425875929400577,-0.010788581198199157,-0.005590438057887484,0.0066558210488579135,-0.0006575190156694012,-0.004608810229299166,-0.005831342771963111,0.009940088974284802,-0.002154854630901884,-0.0016964011506919448
2019-02-15,0.027296425165907537,0.01656080395745191,0.04133780544613861,0.006165332719194095,0.023803627001259896,0.006367899892246456,0.01008583196730414,0.022191650532549102,0.027296425165907533,0.011009345064653793,0.025153274072816454,0.02272806505540946
2019-02-22,0.015499671717611664,0.04847919922925495,-0.005210797620693786,0.005777538129646855,0.014669550370110807,0.05451523743290975,0.05612628267030398,0.013593018180501211,0.015499671717611664,0.03791317366793587,0.017417624400722725,0.022014886960538882
2019-03-01,0.0016908658554208983,-0.00597825623495213,-0.005428570990814267,0.01290508819699248,-0.0019305206024971214,-0.0058281400930377605,-0.005643306812724932,-0.01789439852050499,0.001690865855420898,-0.006018398134985191,0.008653383445921217,-0.0007960185771739813
2019-03-08,-0.020062590942143185,-0.0023639255144466574,-0.013597625492160266,-0.019851287582378436,-0.014016056424828423,0.0019857637269550072,0.000849597285666014,-0.010601647784676118,-0.02006259094214318,-0.005201870220149643,-0.020581479895412768,-0.01530871999444141
2019-03-15,0.023408403061113782,0.012690512544128795,0.034365594321214984,0.024101443854979785,0.012122207913512324,0.008682863115208385,0.009239203229760035,0.02747130730922274,0.023408403061113782,0.012901518726704506,0.03398034881089233,0.020376079279293195
2019-03-22,-0.004866317832511614,0.0167461922335055,-0.06372594663823104,0.01328617071470738,-0.005804182984960712,0.0029547789558592944,0.013295735246749945,-0.01110310546683807,-0.004866317832511613,0.0010790217455951636,0.011862073766601833,-0.0011271742771200668
2019-03-29,0.014029591191585656,0.016487198781122946,0.014735365007368408,0.009560362022844198,0.018127740690952188,0.01701510278137796,0.01919676495312143,0.01591102711703162,0.014029591191585658,0.01281795347574077,0.010219354834338168,0.013153915078956508
2019-04-05,0.02347502995165903,0.021880309410020532,0.04818833511957468,0.03854272141787148,0.007938433060391267,0.019196687133157336,0.021513764346958997,0.021644092995852265,0.02347502995165903,0.012555854526654663,0.01394043155158781,0.019402020020462665
2019-04-12,0.014372597220027839,0.009635269944421404,0.056025068762437784,0.006263404123907962,0.011926261803018897,-0.0011124784601663144,-0.001291615807643302,0.011110598141776718,0.014372597220027837,0.012105227809041184,0.00395245068533539,0.012381619108837113
2019-04-19,0.0032852521429588676,-0.0005439685933331731,0.02023199199214971,0.020961070608732802,0.00584066650177042,-0.011329675094891849,-0.009172249757146502,0.003277769229090722,0.003285252142958867,-0.007442673614015521,0.011901120638565774,-0.0007333011017629162
2019-04-26,0.0017832091784914456,0.012238474994476608,0.008901815862353007,0.02028974931979615,0.005414703217139942,0.0010572516292893666,-0.0008070824634696821,-0.005858352349766641,0.001783209178491447,0.0037812785791585916,0.025882380218363907,0.0017635855855623298
2019-05-03,0.0014392897561892035,0.008475668016130679,0.014414256159761288,0.018866904558149402,0.006395275272778689,0.0036893041259472093,0.0038181209432711907,0.009225398369325774,0.0014392897561892048,-0.00044529258893212346,-0.002023565907669146,0.0007506516994875831
2019-05-10,-0.01824632647030271,-0.007321777121385081,-0.031088527583903826,-0.05149003125846777,-0.009515296706739172,-0.01314163887985036,-0.011267815522332877,-0.020982456454368824,-0.01824632647030271,-0.006992177726170322,-0.008510728572700667,-0.014078402839623628
2019-05-17,-0.005122123577100995,0.007307950754716582,-0.015465291542607298,-0.022048934798530335,-0.0047160294367027,0.00952677391746113,0.009248782961031848,-0.009495526070613648,-0.0051221235771009965,0.007892417471445264,0.006104818788431853,0.00031048675554564255
2019-05-24,-0.006784249678372423,-0.00045832982083803507,-0.009569377947091852,-0.02119223451550954,-0.00049917062030168,0.008257929745311268,0.005563011707589391,-0.007189621875377559,-0.006784249678372423,0.005131283559022371,-0.007806660808960673,-0.0023095402726817224
2019-05-31,-0.027875828162437916,-0.021777931702201603,-0.03418102252704473,-0.007639250024441038,-0.012299988292467454,-0.01866344469037381,-0.0190056105496271,-0.019657411465059452,-0.02787582816243792,-0.012195047381289258,-0.02754050033087483,-0.02350983389552961
2019-06-07,0.04830725849125991,0.043973940341634855,0.030200076276114086,0.06334795859613665,0.0512995334890519,0.043718489743224336,0.04430286460487559,0.04999623457967767,0.048307258491259907,0.04765641628395919,0.055676762125132555,0.04891760959984581
2019-06-14,0.010201119439101685,0.01454071764915469,0.0060461710488417,0.0038086238850234457,0.004624899116569706,0.0062251968882960605,0.008967753044160918,0.014985190650952617,0.010201119439101687,0.005246433582483322,0.008517805081133225,0.009049175091444988
2019-06-21,0.019699410525842308,0.015473466320160686,-0.003460205513710475,0.030717411657195375,0.008996774569197986,0.01221065804779356,0.011793864684615622,0.014786014994442395,0.01969941052584231,0.014813492565732207,0.026584766734945503,0.018457989007469477
2019-06-28,0.003079624646287804,0.003196797388429745,0.02156432694329928,-0.003142632296312545,0.016159322480162455,0.006466791874953347,0.008614066466760939,0.013594111384656259,0.003079624646287805,0.0015022588625332118,-0.009589457698278951,0.001813611823374203
2019-07-05,0.015048836705214869,0.014818217239234575,0.022314409021736238,0.026312915728034986,0.017620993879803277,0.010004952489402556,0.010846922251066546,0.01705874761131335,0.01504883670521487,0.013405237494869139,0.01702421244474704,0.014586284817692897
2019-07-12,0.008430682505931224,0.010739363350347038,0.01594854140704658,-0.002797173741287524,0.015449277138961954,0.0055038279336155765,0.008340486926865573,-0.0007367560413907774,0.008430682505931226,0.007521761088175878,0.021031630030724387,0.007610701190450781
2019-07-19,-0.017037614685051956,-0.017062247049315218,-0.015264527664782517,-0.018631099402108588,-0.011886158992475374,-0.017474711392582335,-0.018270558743977587,-0.013215356244427955,-0.017037614685051956,-0.01391891274093285,-0.005807531491043861,-0.01582709866704229
2019-07-26,0.011867923395525013,0.0002575497886853368,0.023604015904432767,0.022593304469693924,0.010332304283396192,-0.004803562271099798,-0.004682109995460754,0.0054167104396434605,0.01186792339552501,-0.0024325488626026903,0.008713812926090683,0.007424944272464295
2019-08-02,-0.034353065317176815,-0.011398974778722745,-0.028308381045825066,-0.018946461119127796,-0.024133068375763123,-0.01016844748060768,-0.00892013158490362,-0.017833674476822076,-0.034353065317176815,-0.012172216802424099,-0.026983449988420467,-0.028665292631087663
2019-08-09,-0.006780630651253378,0.00537605215098534,-0.011077345330505037,0.003911087980409622,0.00434554551267206,0.008027419166691948,0.0058449190086746535,0.006508553189936688,-0.006780630651253378,0.019331404137245684,0.012669120257159144,0.000499942685221791
2019-08-16,-0.009193011685831793,-0.007347534804046816,0.02741429371057455,0.00732352771323896,-0.01218823778681417,-0.006018844640639433,-0.007546363005387235,-0.0055280929918240206,-0.009193011685831792,0.00017730628472723085,-0.006521751469306402,-0.005976186325944501
2019-08-23,-0.01591225941604187,-0.005596817149179159,-0.01869249361136123,-0.012698691282570729,-0.01132009904076772,-0.005361002987243233,-0.005526915928378768,-0.007681976085561879,-0.015912259416041866,-0.006503570422075829,-0.011503166654476033,-0.012777508834993487
2019-08-30,0.03249195675709547,0.028619232247585884,0.03010264532691842,0.0250431608812538,0.028023349937842314,0.023886704686433738,0.02394515362077245,0.020426268587575142,0.03249195675709547,0.025911404042070887,0.04558337727328912,0.030323413409550668
2019-09-06,0.01740032706620494,0.009633163588521646,0.02165373143603403,0.017517668870402237,0.007481306094726336,0.009543661977700384,0.009321062716287073,0.005541261420160995,0.017400327066204944,0.008584603489697352,0.014476060330762399,0.014592342196815603
2019-09-13,0.02089906971783037,-0.0009531686553622704,0.025743224022772737,0.0031179889077232264,0.006221684751115513,-0.004029660961489051,-0.006607281504309174,-0.007896731863075587,0.02089906971783037,-0.0043583996550054524,-0.026538647420354257,0.013207647938719336
2019-09-20,-0.004561090229274317,0.015709941404704213,-0.004662857305375447,0.0027082921945610163,-6.550150281847342e-05,0.01702465602172818,0.01660557348822691,-0.0019677035261891082,-0.004561090229274317,0.011946259781760664,0.0015140906270658247,0.00021676767083568483
2019-09-27,-0.010806609202730112,4.736016606845552e-05,0.005006199447650023,-0.006934613372284305,-0.010313792459423368,-0.0010198067303928016,-0.0018526836549183382,-0.011461304921217996,-0.01080660920273011,0.001933235083882108,-0.004653797914920746,-0.0077387256311292184
2019-10-04,-0.004273767441318355,-0.004501331103456385,0.03742801718580601,0.009373869187269495,-0.005160303946092289,-0.003416454075445562,-0.0040843936720978136,0.0063108847020171095,-0.004273767441318355,-0.0008824975935491706,0.004009851456388136,-0.002703066795864907
2019-10-11,0.009021531605238647,-0.0024181627072357714,0.04052684560954563,0.0025581989970200987,-0.0013946896924893215,-0.007399008726670918,-0.006012268577053504,-0.003936294411474442,0.009021531605238647,-0.008831900770521303,0.009488469817930497,0.004002487045052648
2019-10-18,0.00441406474276398,0.0015957624066881217,0.0008467043785100536,-0.006922464762798224,0.01666067761605213,0.007431495138721486,0.00832722356805483,0.0084332564670057,0.004414064742763979,-0.0010836813264342871,-0.000476445533402382,0.003304225593686278
2019-10-25,0.016081004049518007,0.001733995877890259,0.04301848109280427,0.01458315866960601,-0.001472806913696974,0.019855339747891276,0.020739692988561223,-0.008820507515629681,0.016081004049518004,0.0036502021826143247,0.0002219258175210851,0.011034642007594027
2019-11-01,0.012992279646060978,0.0025414412817036736,0.037472624091228236,0.025932386740355792,0.00880852773166629,-0.008434278858447709,-0.008531195134055088,0.012427396171373898,0.012992279646060978,-0.0006292681702465244,0.009022014629858202,0.009980824151163893
2019-11-08,0.009849495487108064,-0.014760953666320745,0.0199050393457171,0.008370005451272894,-0.004712423820944741,-0.020141290318291823,-0.01960981639608538,-0.018605970463519517,0.009849495487108065,-0.017085548863895003,0.00923203635117915,0.0012737853295612112
2019-11-15,0.0022459060082750232,0.016457356978798333,0.021603751054932757,0.027696110265550408,0.003246721906475664,0.010321344772962197,0.009452408844224658,0.00786117678220514,0.0022459060082750224,0.012766083567370893,0.015803931471286257,0.005731736242280383
2019-11-22,0.0020234973627044463,0.00011011831129592413,-0.014975916303959296,-0.006451812809443994,0.0038937972955692232,0.00018312249943984189,0.0010965326015869355,0.0010009416278726436,0.0020234973627044463,-0.0013859631619579267,-0.004719201329150248,0.0009624751875406915
2019-11-29,0.006581074979190072,0.009142139935087862,0.02089540721477881,0.013031872592090626,0.010350751567234742,0.007303731677632543,0.007368599945810772,0.017030900269638168,0.006581074979190072,0.008355024042541428,0.008771394117455405,0.006855486363476038
2019-12-06,0.008553613548520505,0.01609868246531619,0.012946679259932491,-0.009821334013186918,0.01740979818863018,0.014121740503984966,0.01467464278531867,0.008933769858120272,0.008553613548520505,0.009305146471822089,-0.0014482342508096487,0.008737266389898862
2019-12-13,0.01128940534031047,0.014430289212774007,0.016401314728700114,0.00594857773844342,0.01552856225737774,0.01749060050286135,0.017447400520006404,0.016417064174018753,0.011289405340310471,0.012739617785611345,0.013616329679982053,0.010878270117519061
2019-12-20,0.013861878136844741,0.014969208268441203,0.01559149536587648,0.007087991663034506,0.0016285037517284788,0.022437331472566005,0.02464308114378637,0.004617605120536258,0.013861878136844741,0.01222507391415874,0.012560845768787698,0.013449079217387982
2019-12-27,0.008555519316519733,0.01036023076537429,0.03707414531127387,0.030183948420656637,0.018825822309191026,0.007997729558593859,0.008057750398347559,0.030787193412674108,0.008555519316519733,0.007387915139054412,0.012005709380879519,0.008136136956597472
2020-01-03,0.0013190908111141207,0.001394597932941026,0.02632850069087068,0.029650936234798798,0.005527161522043061,-0.006793321973891474,-0.006915960962507295,0.009968871475374527,0.001319090811114121,-0.000136347969313823,0.00039895286608512966,0.0002813438394298042
2020-01-10,-0.0005446973534692931,0.005026523649411716,0.04337154544508084,0.014342592293718308,0.005979376697117377,-0.006339658119707191,-0.0067992617375229655,0.018263357715968237,-0.0005446973534692923,-0.0005835018544732892,0.01570896341167419,-0.00045985894360008744
2020-01-17,0.014354222795354116,0.019862933125607347,0.027067958841501007,0.020038775120342522,0.020186398113903464,0.023664211863705584,0.02289732204893799,0.018512734091228535,0.014354222795354117,0.022304601482165957,0.031201383392206947,0.016681483567573756
2020-01-24,-0.010073572824855527,0.0005674878199956488,-0.0013177317920514892,0.00333576055209074,-0.013121649739224223,0.007049733717335173,0.005443451173908648,0.00370243092671822,-0.010073572824855527,0.010150529069713244,0.004637088848011779,-0.003807455607098707
2020-01-31,-0.01320115446781544,-0.0019406651673498233,-0.027646004228880534,0.002641442950601149,0.0012704809521110264,0.0019430262761014633,-0.001713954110026664,0.011817722206172998,-0.013201154467815442,0.0006473461293204613,0.005294268129681284,-0.008646840498890276
2020-02-07,0.021051129924120306,0.012494122012110854,0.036477010510344895,0.030179001111878857,0.014235288935719563,0.0024629718166774284,0.003521431239132407,0.012888120792663228,0.021051129924120303,-0.000644162128862903,0.030637467122731264,0.014947471042958748
2020-02-14,0.004337340382553095,0.013327658601120288,0.015373558194811555,0.007190603863831394,0.012271378900745158,0.008219569081833827,0.009074175944859509,0.01679539718151883,0.004337340382553095,0.007089711586088388,0.011717449665783197,0.004182202017080803
2020-02-21,-0.00820262673425905,-0.004975310914103192,-0.03662101591339408,-0.027126355404445194,0.012472798018655492,0.004571515182626589,0.002440796814550837,0.02959954985106173,-0.00820262673425905,0.007678619659366824,-0.0030793106199294255,-0.00043489335277078003
2020-02-28,-0.11852031940305269,-0.11609284561870195,-0.12678485778654855,-0.12456908496768127,-0.12315582112305176,-0.11353311429799737,-0.11337445929363893,-0.10946782884621534,-0.11852031940305269,-0.10986266091181185,-0.10931869221743781,-0.11400485928702461
2020-03-06,0.014153362900112387,0.08210515492907289,0.05732367569143548,0.033184219471904405,0.06267923452543273,0.07011909240391762,0.06875953541015187,0.07106728623581793,0.014153362900112388,0.08365135505968604,0.05193692856321186,0.03593927328231375
2020-03-13,-0.10561866602569477,-0.13478835039935283,-0.16710182748095823,-0.05445266296648506,-0.06140098062943798,-0.06331247677317808,-0.058614692096186874,-0.10409389728412231,-0.10561866602569477,-0.0972950931639035,-0.07582438520133367,-0.10026212106951737
2020-03-20,-0.12247699343596823,-0.07869808301361608,-0.17530668770310867,-0.06785152576899714,-0.1125147665321699,-0.06744425437168418,-0.07249378737757109,-0.054013068856939614,-0.12247699343596824,-0.10978340414704511,-0.09809372708694222,-0.1144567326975925
2020-03-27,0.08883067746327314,0.011426167259201817,0.08070144822729411,0.0839390532524269,0.10818049502273311,0.015979500370022173,0.020293489762641035,0.07602061684800926,0.08883067746327314,0.03780406286319529,0.030136558784417667,0.07533658097454757
2020-04-03,0.013785153520813966,-0.00338493875526909,-0.025550978088428565,0.003895899448221093,0.06810818225237597,0.03360648510374147,0.03179777926015905,0.028619543347778293,0.013785153520813965,0.05043070317653749,0.02987708080376701,0.018242457012912085
2020-04-10,0.11387986099001157,0.16777196798396082,0.2646038807033196,0.08532232015787342,0.08400931186441535,0.08391275542168894,0.09301407171704183,0.1108621926021328,0.11387986099001159,0.08168079782973253,0.06714566717127854,0.10472763968152378
2020-04-17,0.022496546123421605,0.07501723027175641,0.055263255556744974,0.12348067464428045,0.09232970349165825,0.05806081447613815,0.0572069258853972,0.1166481019567771,0.022496546123421602,0.0601639604323181,0.07275698836400346,0.03496839524309881
2020-04-24,-0.00924193551051863,-0.008119039905457991,-0.051705170001230205,0.011844133339528065,0.004610571069818209,-0.004124463501814677,-0.0038568530061720415,0.0024887188233011287,-0.009241935510518627,-0.011069195893605527,-0.011312619518809878,-0.01198870403767613
2020-05-01,-0.0008024307618993353,-0.01614248919085614,0.021557054788401257,-0.02537651686548304,-0.010963219837612176,-0.018299767112718593,-0.016834875955849166,-0.018707158540429758,-0.0008024307618993342,-0.029421773829769123,-0.02085615522283484,-0.010404129778293563
2020-05-08,0.021829032272643403,0.005401474250834053,0.07569100896547121,0.0421159204926924,0.020444586848685848,0.00600156666309571,0.0062041894358136574,0.020532032051067656,0.0218290322726434,0.009158498683332501,0.04053341735940534,0.01786627859389025
2020-05-15,-0.02972465420857642,-0.03429636423308039,-0.007803186405267945,-0.0011683496678531963,-0.006605408722629095,-0.028818675193433396,-0.030124812944558453,-0.00879417487388461,-0.029724654208576416,-0.007959470023438817,0.009187854070232636,-0.022079079310591013
2020-05-22,0.02909507110427202,0.005089093144129568,0.03633291086632037,0.01746592441849782,0.00599177394496182,-0.007089476468888535,-0.007523670697098644,0.02823867548332112,0.029095071104272015,-0.0073116795207565175,-0.01596930153364771,0.018214088393548294
2020-05-29,0.028240495650700505,0.02549116347498503,-0.0029790836215104824,0.011297853282821811,0.02472743444430842,0.04263358084690638,0.04409503009256545,0.009988213601685414,0.028240495650700505,0.022058204402533525,-0.012570321900916883,0.025170385268665715
2020-06-05,0.06371258076750339,0.014611568398006066,0.04264955807467966,0.03565985188970203,0.008257103543855941,-0.0038002536902291204,-0.005988161755417014,0.04106565343062697,0.06371258076750339,-0.004403408101922817,-0.0033450656203054614,0.041932095586175853
2020-06-12,-0.0518349307710099,-0.037985205409433655,0.02202110430170327,-0.025894014101658525,0.00766209714517356,-0.023604178946317347,-0.024431538535796705,-0.0004739245180913239,-0.051834930771009896,-0.02725113514187398,-0.008550738947009475,-0.042260417170540264
2020-06-19,0.005025490191766608,0.006689062263044653,0.032231403110228256,0.04830184947945894,0.010257192344891959,0.0002463047411883079,-0.0006854852130259146,0.039600448864859944,0.005025490191766608,0.006292007297324044,0.03064370876352895,0.005222605347701982
2020-06-26,-0.03183497116802787,-0.03490915925346401,0.0111803685673544,0.004671554320342934,-0.022003136869253023,-0.04456418565732589,-0.04511076495156394,-0.004607363706060376,-0.03183497116802788,-0.02477992569465319,0.007962420200819699,-0.026397813174892586
2020-07-03,0.031382512346962134,0.030069157590039877,0.029635494701253436,0.06528521780806962,0.05586944381326116,0.04296447715117288,0.044690917035184505,0.048521274025360696,0.031382512346962134,0.0299000444786639,0.03533546250791361,0.03174420911695347
2020-07-10,0.022481791546588577,0.03982788637299782,0.053747492351989,0.06836343667753404,0.04202026850535562,0.024761377792465507,0.025942860582150735,0.06326795819937692,0.022481791546588574,0.03602585117395602,0.04731876385254548,0.027422189306920912
2020-07-17,0.014362275568867372,0.006049685911132571,0.004248332194862231,-0.0075642412971631615,0.004073566635064803,0.02392828131632217,0.02455397042272568,-0.007386606362085891,0.014362275568867372,0.01781020750634363,-0.01733357444358896,0.01413753790299594
2020-07-24,0.01756810888841162,0.011838841151499059,-0.03854038673515785,0.003284076759725023,0.009044605025969134,0.015975945890945996,0.01700850989536452,0.010295574245598868,0.01756810888841162,0.010863969981514437,0.00047911864246358554,0.013932327687571156
2020-07-31,0.006518957879150694,-0.005947159385987737,0.14733032718141298,0.06607755233402103,0.05551882339414946,0.01354924070431773,0.01685779699177374,0.05455577751412391,0.006518957879150694,0.004964337756673045,0.034483391808191086,0.008606899518976335
2020-08-07,0.027515613936816386,0.014459090279508159,0.04759552022062205,0.011073688684478292,0.014343744828522293,0.013062795231710037,0.013093913626708847,0.023077707746288013,0.02751561393681639,0.016480403619250298,0.021857748021940245,0.023765203123209552
2020-08-14,0.00893719056803979,-0.0012652737460847967,0.034154571081416264,0.010106208028649975,0.004038091935960931,0.0029463357548885844,0.0015733170001234883,0.005762236808467101,0.00893719056803979,-0.0009192263093540768,-0.011760110988471729,0.0035166185025143765
2020-08-21,-0.003344509699995496,0.013570307422513597,0.08234884055007165,0.040781092580726264,0.03458070546233284,0.008323065895476026,0.008146472029728404,0.041124680627412896,-0.0033445096999954946,0.008260266098722987,0.03197729315096565,0.0033467565863187334
2020-08-28,0.026078300143276327,0.021578154540770417,0.0035177361393128586,0.028396082353770835,0.0040791050761832415,0.0062207973148014255,0.0062400631803766465,0.02396123844110164,0.026078300143276327,0.02676125988734782,0.040819888366218623,0.024476081257164058
2020-09-04,-0.011402395261886862,0.0034064612208651026,-0.030827473339308773,-0.026331013977259392,-0.012689949327265863,0.011065198640852179,0.010790158098047821,-0.020660676961442095,-0.011402395261886862,0.0007783276135593614,-0.03084124256004834,-0.010574074656430938
2020-09-11,-0.02221072824582572,-0.026314145080716025,-0.0740740673606322,-0.04040719703956324,-0.03501889593202452,-0.01690286761649805,-0.01620768018023625,-0.03288230351545595,-0.02221072824582572,-0.018310553347088674,-0.03568989353815512,-0.01976979294802301
2020-09-18,-0.012837033727362512,0.000713169608303968,-0.04607142429651293,-0.03326188851059609,-0.012688584771845961,0.00532817580370843,0.005836397029352598,-0.03679887237661107,-0.012837033727362515,0.00018905769392519797,-0.023290828099335824,-0.009841288087106905
2020-09-25,-0.022230152132388492,0.008293643433637365,0.05091725527923368,0.033262368321631035,0.00872246275217817,-0.008388837582933543,-0.009838501252242376,0.027031149896231225,-0.022230152132388492,-0.0009156907449306617,0.009633672237032723,-0.013165208544315847
2020-10-02,0.00863187439150922,0.008769807812117652,0.0065906676289282295,0.0012233974732323563,0.005036021114813959,0.0014360303323796657,0.001077175067314167,0.013138067253107339,0.00863187439150922,0.013038651562551514,0.008606246589330926,0.011660055057699546
2020-10-09,0.03419163604988462,0.02526524769076918,0.03494956585477982,0.037200911847590834,0.025456069919712936,0.015598512593549742,0.015917112133373847,0.036817992779844017,0.03419163604988462,0.01942882709996796,0.027748257855649775,0.030144081730809996
2020-10-16,-0.00029036446736214116,-0.014131051056470261,0.017525859091003328,0.003924205982693909,0.005613266647689347,-0.00996026794998,-0.009743363225226436,0.01200743796624847,-0.00029036446736214073,0.0007454269080097529,0.013216645944415897,0.001984569657376239
2020-10-23,0.0005723314196929008,-0.007238262063295553,-0.033439754444418296,-0.02565243478251436,-0.010304079441693894,-0.002289714948744563,-0.002024228705254547,-0.01749918760327006,0.0005723314196929008,-0.006473500547088924,-0.021388850229364237,-0.004142596202230559
2020-10-30,-0.048287856320252884,-0.04902408433062057,-0.05372044489297411,-0.05841755133175826,-0.04544163339557711,-0.030924484735052146,-0.03110562570943382,-0.0578872679189365,-0.04828785632025288,-0.03567442805006307,-0.03199675402966047,-0.04476344420238264
2020-11-06,0.04329960526516753,0.05289419892457321,0.09218261406032995,0.07021661311630625,0.056203799748803705,0.03449497482871611,0.03472186390019323,0.0748807930394641,0.04329960526516753,0.04129897572619515,0.08907417575493251,0.04549113256080378
2020-11-13,0.04912691873655875,0.021244133661082003,0.004802427032277377,-0.03351153567552161,0.016639981298997318,0.02343650982306077,0.023422687931223568,-0.024320662081396265,0.04912691873655875,0.030567407696114875,-0.020852282272996008,0.03805537505376118
2020-11-20,-0.0005666447858094226,-0.014261341385165388,-0.016099275949796647,-0.014777617896021247,-0.011146933461262056,-0.004571224076252145,-0.00141884273828429,-0.00987846389319126,-0.0005666447858094226,-0.013798744924945653,-0.02415593808177859,-0.007334780647748481
2020-11-27,0.029694448508070893,0.009072316003062195,-0.006391678670314486,0.012460369960680596,0.013229767188133892,0.011407906208534557,0.011676558408257532,0.01735692810254303,0.02969444850807089,0.00788642996699534,-0.004058265719996091,0.0209307893039312
2020-12-04,0.020028923220614458,-0.0022262044104390923,0.048546186049848054,0.007334792260583032,0.038053126422857506,0.01899047887567547,0.022164783532309648,0.00637207876454928,0.02002892322061446,0.002893985564572996,0.015075563855075995,0.014614984281744712
2020-12-11,0.006937479863792162,-0.015968595836505194,0.0013087934916660132,-0.011541228251885586,-0.0009008690771589961,-0.012077406181106618,-0.011616391891833888,-0.011432283502037503,0.006937479863792161,-0.009929126201367176,-0.0032456161231584225,0.0038796653172941927
2020-12-18,-0.004130997639237988,-0.013635100765258684,0.034678534333637566,0.01689773456067447,-0.02946633472118238,-0.013003353498844964,-0.015590257753056194,0.024864974304437605,-0.004130997639237989,-0.0031362113346030856,0.014231987730915743,-0.004259228870844098
2020-12-25,-0.0011143935294805952,-0.01698054056545791,0.04196438654784017,0.001998324590155521,-0.011854442566330706,-0.02218009806382135,-0.022214744044750188,-0.008493999383515423,-0.0011143935294805956,-0.0163068280780186,0.012617215820367771,-0.004069750510395232
2021-01-01,0.010531186716417087,0.008105758590683312,0.005455785870888476,0.017511212589592387,0.008010173749969304,-0.001049016212124743,-0.0014794554071520284,0.02036733867329694,0.010531186716417085,0.007475981180697326,0.00874852838837078,0.011056867213722538
2021-01-08,0.020361871146291594,-0.0062942369328709,-0.004823270783143346,-0.032880096170330886,-0.007697862755415912,-0.005775250979821919,-0.006007315419220384,-0.004423600732141426,0.020361871146291597,0.0016396559366710613,0.0005933562777119365,0.013139936171577596
2021-01-15,-0.0046001280704521695,-0.007075180589144272,-0.037182881685429374,-0.014577623153948352,-0.015265894352997912,-0.01064533191366165,-0.010173967585149931,-0.022248388035434385,-0.0046001280704521695,-0.01355275076563137,-0.02770737537541571,-0.007798018241646078
2021-01-22,0.0006965201863730125,0.01493813383094827,0.09383356152534593,0.04868926679070799,0.026054603946321538,0.008169216622333622,0.007051435559130315,0.048069380340977144,0.0006965201863730125,0.012292254165201702,0.053052597097555894,0.006852122884529017
2021-01-29,-0.031388927553070066,-0.04163837030985973,-0.051125332370702437,-0.02812726499674098,-0.023659950827897583,-0.03835043565237235,-0.03808645573925824,-0.031060639188043845,-0.03138892755307007,-0.030113028720306988,-0.04212816642497216,-0.027912933870037904
2021-02-05,0.04042048453035113,0.020139604636688194,0.037928159591644514,0.045755840937561854,0.006075625903826062,0.008895092094744133,0.006929006761063455,0.04644279305636137,0.04042048453035113,0.017397789253809234,0.030468439657940764,0.03251484130699671
2021-02-12,0.00881318650086494,-0.015689943005363187,-0.010163789734093522,-0.007718272385508937,-0.012776166136163392,-0.01786521270788045,-0.018318484609934047,-0.010096195117947732,0.00881318650086494,-0.007205308045613018,-0.0038312634701230556,0.003724794032615654
2021-02-19,0.0014726213354399277,0.0052046543563154385,-0.04062938230839836,-0.01824236631285665,-0.011029642009133223,0.023583948456795963,0.02537898676507309,0.0005938966560055823,0.001472621335439928,-0.0036234338540819047,-0.02983917519789137,-0.0028050700786745745
2021-02-26,-0.015823944555421802,-0.04447509642201882,-0.06629706323653298,-0.03315996608994859,-0.036788380764459484,-0.02965889126592004,-0.02754777085747081,-0.03323392376404825,-0.0158239445554218,-0.0375525989098921,-0.0500377200172857,-0.02493419759016941
2021-03-05,0.026930425582641512,0.007648076364965064,0.0013194820066632688,-0.008294574957610698,0.0023520661745689165,0.006259118662365514,0.006573542306163877,-0.016094301468971048,0.026930425582641512,0.004036774144010374,0.004654216392886987,0.018233778306959113
2021-03-12,0.0250755611646316,0.02279376715012884,-0.0032119892331977607,0.014376533923721915,0.011881897433383333,0.01314695720285899,0.013696838312167678,0.028591401734345784,0.025075561164631603,0.018446049049064127,0.017432565904453724,0.024739714315096945
2021-03-19,-0.005753210261538439,0.008052408251178974,-0.008592910378728419,0.001893959834361221,0.005267458795732988,0.007770477870347785,0.009411383275428193,0.006564171663443943,-0.00575321026153844,0.005896011002432953,-0.0052880571273258275,-0.0010704634613394283
2021-03-26,0.015402616716245748,0.014312522195433042,0.010167514265559055,0.0033899101835686667,0.013585798995536573,0.025390506530468336,0.025573763565461875,0.0015269851250947616,0.01540261671624575,0.024246290702117,0.013081321517901444,0.018638631722511137
2021-04-02,0.0074080197438192,0.021859785723008084,0.014767757317925475,0.029796701533569676,0.01420740016731608,0.01042530820214947,0.011375126166633198,0.027156089793466485,0.007408019743819201,0.0061533496754032305,0.014643422391169565,0.007508212295090817
2021-04-09,0.013896616431750535,0.020219983042871034,0.08126015856255249,0.05878123094003325,0.029246063984213495,0.008966130122520854,0.007746817175776178,0.04650337122786661,0.013896616431750535,0.019390852909351667,0.042508167700957174,0.017401119410494503
2021-04-16,0.011144197109607923,0.010929908811988269,0.008759727843310007,0.010224099726178736,0.021818986665342696,0.013397886530161966,0.012427117786145848,0.008693372429268828,0.011144197109607923,0.014312549505298823,0.018846518102551123,0.014117576955993976
2021-04-23,-0.007926108590734665,-0.012479459330886736,0.0011926049090991396,-0.0219818481321244,-0.009664379003948596,-0.01375829420255606,-0.013647231335647339,-0.011936464738066125,-0.007926108590734665,-0.005213129666082502,-0.0004357766818806853,-0.004988651195384569
2021-04-30,0.003244527285591353,0.008825618940552227,-0.021292433876682757,0.025384558737044385,0.014282613484040627,0.01032009717955578,0.010194601237151754,0.021090141701733404,0.0032445272855913527,0.004531904373026568,-0.02621491749005804,0.0012918438490412188
2021-05-07,0.03280947275916175,0.00043326916321693304,-0.007835081847566228,-0.014992764848000446,-0.0038406061354184806,0.00936647219385042,0.010270816083625227,-0.020384816449153634,0.03280947275916175,0.007551359559202156,0.02250004494912196,0.024709744069945506
2021-05-14,-0.0006091012070491675,0.002595407039200012,-0.021196525344535068,-0.01686501133321101,-0.006083747157823628,-0.003284484405384555,-0.003093230914016831,-0.016380997640368877,-0.0006091012070491679,-0.0034052990851773444,0.0012797788562847407,-0.000837771201896854
2021-05-21,-0.008095797280446649,0.003774723759603366,-0.015849352184105034,-0.008346585800017375,-0.0109893247636778,-0.01747989630369531,-0.019494284571518073,-0.009557434408832863,-0.008095797280446649,-0.009814501029190074,-0.0031349468436799076,-0.006838781219727119
2021-05-28,0.00033289645700801965,-0.007433929304198637,-0.006537510618354653,-0.0009537429885727966,-0.012180143685344298,-0.010564880768217223,-0.011489485626946783,0.006306096544876456,0.00033289645700801916,-0.0027214332110763015,0.002399495760026117,-0.0007860249343987261
2021-06-04,0.012500519341427232,0.006693359005309241,0.010272048735652699,0.004614733475903884,9.420197205080869e-05,0.012512213924947297,0.012739119625214039,-0.0002118724107600603,0.012500519341427232,0.003625774125664491,0.0035951429180470034,0.008042318422226372
2021-06-11,-0.007604158783513227,-0.0025353884170795666,0.011597424786353403,0.0243445930264978,0.026815825632219827,0.00690726478922773,0.00798780062506529,0.010689610200730644,-0.007604158783513228,0.0053065407546853734,-0.017874221873730955,-0.003765528835873497
2021-06-18,-0.03649634065228172,-0.018541078000839088,0.02442087411329156,0.023464965326435182,-0.0009926017853252853,-0.019425924315663434,-0.02028090098889074,0.012548066269128756,-0.03649634065228172,-0.02249446542128273,-0.015112798867887165,-0.02999950356795307
2021-06-25,0.026452094943813977,0.007439667977591416,0.020312739563068092,0.0034241583403076675,-0.00010833236097707206,0.005348576294243057,0.005540222705165665,-0.00028692902879628914,0.026452094943813974,0.010760327851886277,0.014183659495022982,0.02010613702821214
2021-07-02,0.008615355683994248,0.011053103803336286,0.051461194949976155,0.026325332835240765,0.025983445471990965,0.005670748953037808,0.005670227743780586,0.0246231274309736,0.008615355683994248,0.012382566967905802,0.035812444754707906,0.011298360715845845
2021-07-09,0.000794980694603075,0.024722815501019988,0.03679622738881739,0.04728230652644066,0.02376417297330208,0.013027260963818127,0.012848146441334304,0.04120686259108642,0.0007949806946030763,0.009049061399448487,0.023500281561430844,0.006224745673066699
2021-07-16,-0.016757481205473396,-0.009382992295932181,0.008820889943594801,-0.029716349514299533,-0.005750215561741257,0.00020619403706611302,6.064812049296278e-05,-0.0341274964068015,-0.016757481205473396,0.0011023704700760697,-0.009664446580739644,-0.010912541918596183
2021-07-23,0.006505418556265947,0.00801027610126491,0.014823415895741106,0.017169964897638168,0.009861562139601496,-0.00475720524352338,-0.004702112257864495,0.022230963013224515,0.006505418556265947,0.006467036625971303,0.014724224531191765,0.008283865978587364
2021-07-30,0.000559115119220549,-0.019550523510264785,-0.01817447302664917,-0.05093813781461327,-0.022727311137900504,-0.009686924245967685,-0.008063182387378973,-0.05926537846094222,0.000559115119220549,-0.008678372062333808,-0.01952078754268337,-0.0025442116896346604
2021-08-06,0.007819027759278008,0.008060520498517215,0.0034279446396849335,-0.0023947607164995985,0.02593082901962327,0.001768911660651704,0.0031626432967082558,0.0017197172925170726,0.007819027759278008,0.00491116747848844,0.002813733607710929,0.007743618360730415
2021-08-13,0.01751889527689906,0.01607048408982657,0.020254550237543203,-0.0024142362833931685,0.029909777498480623,0.013227499434861489,0.014841654924654592,0.006470975072417685,0.017518895276899062,0.019373984091024962,0.020234075673364778,0.017799522283503504
2021-08-20,-0.01854328934464094,-0.007538181257001061,-0.006103287490257693,-0.017213670503989944,-0.010489944264433854,-0.007642787498314194,-0.0078042101755092345,-0.029851200073012868,-0.018543289344640935,-0.00012822164099384088,-0.010057913358629298,-0.01131365654531746
2021-08-27,0.015137666586083204,0.0009299438665197751,0.002766720098535553,0.029277247294235434,-0.0023115136366480596,-0.006456177735817088,-0.005434169500506621,0.03876698714848217,0.015137666586083207,-0.014182068751151026,0.002264618952421492,0.005309013869068869
2021-09-03,0.004666971713955381,0.012176958423314916,0.03835800592314055,0.023095858490168732,0.01914146924221636,0.012508727191347241,0.012375857297962478,0.0251673910505247,0.004666971713955382,0.015590754626983915,0.01825277717235001,0.00946803184880795
2021-09-10,-0.018753416287686394,-0.01542206585629466,-0.03454309545634266,-0.015485831925631853,-0.01629575993194081,-0.01979984428112555,-0.020126455378136655,-0.011526876568482222,-0.01875341628768639,-0.018729426815898093,-0.024504221485393343,-0.01848076127082566
2021-09-17,-0.003671122290380774,-0.004619785784619971,-0.019534133512148517,-0.010094094276464932,-0.018278214948752373,-0.004988934056213942,-0.006410541375590988,-0.01205880581031403,-0.003671122290380774,-0.0032330275976095693,-0.010068590660623876,-0.006080998766508787
2021-09-24,0.005948895712561758,-0.002373134118763954,0.0058879911261947625,0.005089435930327512,-0.00369106896614085,0.00018592712693494108,0.00039535470025704646,-0.0074965785422894185,0.005948895712561759,-0.002339190161023501,-0.00019900229471827126,0.0025307501919620765
2021-10-01,-0.014932399353550651,-0.01838241281603892,-0.03689082357478675,-0.030805829173520486,-0.028679557181169595,-0.01217235370840764,-0.012196707586658462,-0.03551091112534389,-0.014932399353550653,-0.020253369397887036,-0.04029788441348813,-0.018646145547023225
