breadth,ic,alpha,cost_bps,excess_net,se,sharpe_net,sharpe_gross,excess_vs_rebal,turnover,ic_achieved,n,t
10,0.0,0.0,0.0,0.0,0.0,0.5206523383275273,0.5206523383275273,-0.0008729006308826516,3.4808491448009196e-17,0.0030708352576540665,40,0.0
10,0.0,0.0,10.0,0.0,0.0,0.5206523383275273,0.5206523383275273,0.0009528766532065101,3.4808491448009196e-17,0.0030708352576540665,40,0.0
10,0.0,0.0,25.0,0.0,0.0,0.5206523383275273,0.5206523383275273,0.0036915610916253895,3.4808491448009196e-17,0.0030708352576540665,40,0.0
10,0.0,0.0,50.0,0.0,0.0,0.5206523383275273,0.5206523383275273,0.008256083656621508,3.4808491448009196e-17,0.0030708352576540665,40,0.0
10,0.0,0.025,0.0,0.00048238156757335007,0.002015581204547197,0.5211347198951006,0.5211347198951006,-0.00039051906330930147,0.009079053070570654,0.0030708352576540665,40,0.23932628786430746
10,0.0,0.025,10.0,-0.0009912122073343255,0.00201870519604513,0.519661126120193,0.5211347198951006,-3.833555412781509e-05,0.009079053070570654,0.0030708352576540665,40,-0.4910138485184569
10,0.0,0.025,25.0,-0.0032016004796081832,0.002023495683275429,0.5174507378479192,0.5211347198951006,0.0004899606120172065,0.009079053070570654,0.0030708352576540665,40,-1.5822126560832381
10,0.0,0.025,50.0,-0.006885574441631813,0.0020317563074045007,0.5137667638858956,0.5211347198951006,0.0013705092149896938,0.009079053070570654,0.0030708352576540665,40,-3.3889765305701935
10,0.0,0.05,0.0,0.0007618014074002824,0.002377509842314568,0.5214141397349276,0.5214141397349276,-0.00011109922348236907,0.018186640907480445,0.0030708352576540665,40,0.32041987538467936
10,0.0,0.05,10.0,-0.0021895093236587427,0.0023843235629372093,0.5184628290038685,0.5214141397349276,-0.0012366326704522327,0.018186640907480445,0.0030708352576540665,40,-0.9182937071516929
10,0.0,0.05,25.0,-0.006616471998971853,0.002394903349811929,0.5140358663285555,0.5214141397349276,-0.0029249109073464625,0.018186640907480445,0.0030708352576540665,40,-2.762730278652557
10,0.0,0.05,50.0,-0.01399473304054459,0.002413480151081294,0.5066576052869827,0.5214141397349276,-0.005738649383923084,0.018186640907480445,0.0030708352576540665,40,-5.798569768338319
10,0.0,0.1,0.0,0.0007049722999706565,0.002820876356908968,0.521357310627498,0.521357310627498,-0.00016792833091199504,0.03666118137796236,0.0030708352576540665,40,0.24991251326702743
10,0.0,0.1,10.0,-0.005242826953241232,0.002834451160858301,0.5154095113742861,0.521357310627498,-0.004289950300034722,0.03666118137796236,0.0030708352576540665,40,-1.8496797636314362
10,0.0,0.1,25.0,-0.01416454080078372,0.0028560976874609178,0.5064877975267436,0.521357310627498,-0.01047297970915833,0.03666118137796236,0.0030708352576540665,40,-4.959403476628299
10,0.0,0.1,50.0,-0.029034095161407765,0.002895513538548203,0.4916182431661196,0.521357310627498,-0.02077801150478626,0.03666118137796236,0.0030708352576540665,40,-10.027269696678857
10,0.0,0.2,0.0,0.0006579516338910084,0.003480668983818657,0.5213102899614184,0.5213102899614184,-0.00021494899699164312,0.07475637438372255,0.0030708352576540665,40,0.18903022291110452
10,0.0,0.2,10.0,-0.011460729796580391,0.0035030671766976117,0.5091916085309469,0.5213102899614184,-0.01050785314337388,0.07475637438372255,0.0030708352576540665,40,-3.271627182263908
10,0.0,0.2,25.0,-0.029638907371439253,0.003541141859924168,0.4910134309560881,0.5213102899614184,-0.025947346279813866,0.07475637438372255,0.0030708352576540665,40,-8.36987292344
10,0.0,0.2,50.0,-0.05993619601807887,0.003616108542999469,0.46071614230944846,0.5213102899614184,-0.051680112361457364,0.07475637438372255,0.0030708352576540665,40,-16.574777915367367
10,0.0,0.35,0.0,0.0009426326286379394,0.004237878610890019,0.5215949709561652,0.5215949709561652,6.973199775528772e-05,0.13523849185776335,0.0030708352576540665,40,0.222430304212978
10,0.0,0.35,10.0,-0.020939377625511034,0.004267707144432604,0.4997129607020163,0.5215949709561652,-0.019986500972304522,0.13523849185776335,0.0030708352576540665,40,-4.9064701294762685
10,0.0,0.35,25.0,-0.053763132497973466,0.004324317360195443,0.46688920582955384,0.5215949709561652,-0.05007157140634808,0.13523849185776335,0.0030708352576540665,40,-12.432744412529328
10,0.0,0.35,50.0,-0.1084707079557053,0.004448890296089981,0.41218163037182204,0.5215949709561652,-0.10021462429908379,0.13523849185776335,0.0030708352576540665,40,-24.381520050300523
10,0.0,0.5,0.0,0.0010904740517755428,0.004941498709852167,0.5217428123793029,0.5217428123793029,0.0002175734208928911,0.20069769147675204,0.0030708352576540665,40,0.2206767856888029
10,0.0,0.5,10.0,-0.031309144450227054,0.004978667515030002,0.4893431938773003,0.5217428123793029,-0.030356267797020543,0.20069769147675204,0.0030708352576540665,40,-6.2886594366280715
10,0.0,0.5,25.0,-0.07991019749521079,0.005055779962922476,0.44074214083231655,0.5217428123793029,-0.0762186364035854,0.20069769147675204,0.0030708352576540665,40,-15.805711103182382
10,0.0,0.5,50.0,-0.16091377420470393,0.005238224404887541,0.3597385641228234,0.5217428123793029,-0.1526576905480824,0.20069769147675204,0.0030708352576540665,40,-30.71914484124866
10,0.0,0.75,0.0,0.0001319995666487283,0.006158069704828925,0.520784337894176,0.520784337894176,-0.0007409010642339231,0.3248498567085675,0.0030708352576540665,40,0.021435218010802837
10,0.0,0.75,10.0,-0.052051139206242006,0.00621552891016827,0.4686011991212854,0.520784337894176,-0.05109826255303549,0.3248498567085675,0.0030708352576540665,40,-8.374370059012861
10,0.0,0.75,25.0,-0.13033130696346237,0.006341103123086488,0.39032103136406493,0.520784337894176,-0.126639745871837,0.3248498567085675,0.0030708352576540665,40,-20.5534123059687
10,0.0,0.75,50.0,-0.26080021948723775,0.00664841906072039,0.2598521188402896,0.520784337894176,-0.25254413583061625,0.3248498567085675,0.0030708352576540665,40,-39.22740385425986
10,0.0,1.0,0.0,-0.0023790364660839377,0.007592235970508035,0.5182733018614434,0.5182733018614434,-0.0032519370969665896,0.4782965289868376,0.0030708352576540665,40,-0.3133512281922323
10,0.0,1.0,10.0,-0.07867367860901403,0.007672212543472885,0.44197865971851324,0.5182733018614434,-0.07772080195580752,0.4782965289868376,0.0030708352576540665,40,-10.254366411674225
10,0.0,1.0,25.0,-0.19313168908366118,0.00785514359542352,0.32752064924386615,0.5182733018614434,-0.1894401279920358,0.4782965289868376,0.0030708352576540665,40,-24.5866529029694
10,0.0,1.0,50.0,-0.38389411377517374,0.008315587737503911,0.1367582245523536,0.5182733018614434,-0.37563803011855224,0.4782965289868376,0.0030708352576540665,40,-46.16560198671022
10,0.02,0.0,0.0,0.0,0.0,0.5206523383275273,0.5206523383275273,-0.0008729006308826516,3.4808491448009196e-17,0.02078983295816666,40,0.0
10,0.02,0.0,10.0,0.0,0.0,0.5206523383275273,0.5206523383275273,0.0009528766532065101,3.4808491448009196e-17,0.02078983295816666,40,0.0
10,0.02,0.0,25.0,0.0,0.0,0.5206523383275273,0.5206523383275273,0.0036915610916253895,3.4808491448009196e-17,0.02078983295816666,40,0.0
10,0.02,0.0,50.0,0.0,0.0,0.5206523383275273,0.5206523383275273,0.008256083656621508,3.4808491448009196e-17,0.02078983295816666,40,0.0
10,0.02,0.025,0.0,0.0012933841037662183,0.0020081435778284418,0.5219457224312936,0.5219457224312936,0.0004204834728835669,0.009080772619899227,0.02078983295816666,40,0.6440695366836533
10,0.02,0.025,10.0,-0.00018051382205454383,0.002011239665398383,0.5204718245054728,0.5219457224312936,0.0007723628311519664,0.009080772619899227,0.02078983295816666,40,-0.08975251689797395
10,0.02,0.025,25.0,-0.002391358275989402,0.0020159888589528956,0.518260980051538,0.5219457224312936,0.0013002028156359874,0.009080772619899227,0.02078983295816666,40,-1.1861961763178956
10,0.02,0.025,50.0,-0.006076092421080271,0.0020241821574475357,0.514576245906447,0.5219457224312936,0.002179991235541236,0.009080772619899227,0.02078983295816666,40,-3.001751793298156
10,0.02,0.05,0.0,0.002402824631769999,0.0023664111675823865,0.5230551629592973,0.5230551629592973,0.0015299240008873477,0.01819056215672592,0.02078983295816666,40,1.015387631991618
10,0.02,0.05,10.0,-0.0005491721295519692,0.0023731517054610385,0.5201031661979754,0.5230551629592973,0.0004037045236545411,0.01819056215672592,0.02078983295816666,40,-0.23141046073381139
10,0.02,0.05,25.0,-0.0049771639111738835,0.002383624241981982,0.5156751744163535,0.5230551629592973,-0.001285602819548494,0.01819056215672592,0.02078983295816666,40,-2.0880656537690583
10,0.02,0.05,50.0,-0.012357140288490626,0.002402029008265707,0.5082951980390367,0.5230551629592973,-0.004101056631869121,0.01819056215672592,0.02078983295816666,40,-5.144459224250845
10,0.02,0.1,0.0,0.004010680233866479,0.002804795052919869,0.5246630185613939,0.5246630185613939,0.0031377796029838276,0.036670999592836886,0.02078983295816666,40,1.4299370036649381
10,0.02,0.1,10.0,-0.0019388335461823455,0.002818110411782348,0.5187135047813449,0.5246630185613939,-0.0009859568929758353,0.036670999592836886,0.02078983295816666,40,-0.6879906259443208
10,0.02,0.1,25.0,-0.010863119626039041,0.002839381406919304,0.5097892187014883,0.5246630185613939,-0.007171558534413652,0.036670999592836886,0.02078983295816666,40,-3.8258754528597834
10,0.02,0.1,50.0,-0.025736962192567686,0.0028782079011418866,0.4949153761349597,0.5246630185613939,-0.017480878535946178,0.036670999592836886,0.02078983295816666,40,-8.942009429672167
10,0.02,0.2,0.0,0.007266902137036906,0.0034632128036165425,0.5279192404645643,0.5279192404645643,0.006394001506154254,0.07477745121095078,0.02078983295816666,40,2.098312332828139
10,0.02,0.2,10.0,-0.004855452100387394,0.00348469966240859,0.5157968862271399,0.5279192404645643,-0.0039025754471808845,0.07477745121095078,0.02078983295816666,40,-1.3933631505652782
10,0.02,0.2,25.0,-0.023039145208983987,0.00352146418552379,0.49761319311854335,0.5279192404645643,-0.019347584117358593,0.07477745121095078,0.02078983295816666,40,-6.542490281086614
10,0.02,0.2,50.0,-0.05334564301057147,0.0035944060226935377,0.4673066953169559,0.5279192404645643,-0.04508955935394997,0.07477745121095078,0.02078983295816666,40,-14.841295800688616
10,0.02,0.35,0.0,0.01246320067550725,0.004222938091255733,0.5331155390030345,0.5331155390030345,0.011590300044624597,0.1352755098278779,0.02078983295816666,40,2.951310297755559
10,0.02,0.35,10.0,-0.009425696909776423,0.004250083257022291,0.5112266414177509,0.5331155390030345,-0.008472820256569914,0.1352755098278779,0.02078983295816666,40,-2.2177675917766115
10,0.02,0.35,25.0,-0.04225976034823722,0.004302839451745656,0.47839257797929013,0.5331155390030345,-0.038568199256611826,0.1352755098278779,0.02078983295816666,40,-9.821365826487552
10,0.02,0.35,50.0,-0.09698445585162728,0.0044215088179271654,0.42366788247590004,0.5331155390030345,-0.08872837219500578,0.1352755098278779,0.02078983295816666,40,-21.934696920291177
10,0.02,0.5,0.0,0.017487985148524607,0.004926291843216516,0.5381403234760519,0.5381403234760519,0.016615084517641956,0.2007515171445493,0.02078983295816666,40,3.5499287709893785
10,0.02,0.5,10.0,-0.014921732662236939,0.0049582568728446874,0.5057306056652904,0.5381403234760519,-0.013968856009030427,0.2007515171445493,0.02078983295816666,40,-3.0094714826010884
10,0.02,0.5,25.0,-0.06353789590917228,0.00502793261612015,0.4571144424183551,0.5381403234760519,-0.05984633481754688,0.2007515171445493,0.02078983295816666,40,-12.636982386251999
10,0.02,0.5,50.0,-0.14456654937929736,0.005199159800181243,0.37608578894822997,0.5381403234760519,-0.13631046572267586,0.2007515171445493,0.02078983295816666,40,-27.805752262944054
10,0.02,0.75,0.0,0.024568202671918456,0.006137303708344997,0.5452205409994458,0.5452205409994458,0.023695302041035808,0.3249294393862883,0.02078983295816666,40,4.003093840461675
10,0.02,0.75,10.0,-0.027630271606935132,0.00618449900635668,0.4930220667205922,0.5452205409994458,-0.026677394953728617,0.3249294393862883,0.02078983295816666,40,-4.467665299733351
10,0.02,0.75,25.0,-0.10593357965881782,0.006295563240059134,0.4147187586687095,0.5452205409994458,-0.10224201856719242,0.3249294393862883,0.02078983295816666,40,-16.826704080225042
10,0.02,0.75,50.0,-0.23644139473240675,0.006581581478687632,0.2842109435951206,0.5452205409994458,-0.2281853110757852,0.3249294393862883,0.02078983295816666,40,-35.92470829359894
10,0.02,1.0,0.0,0.029942940641633366,0.0075687796206781914,0.5505952789691607,0.5505952789691607,0.029070040010750708,0.4784113088820174,0.02078983295816666,40,3.9561121002688626
10,0.02,1.0,10.0,-0.04637273980912429,0.007633674797449921,0.47427959851840307,0.5505952789691607,-0.04541986315591778,0.4784113088820174,0.02078983295816666,40,-6.074759672054069
10,0.02,1.0,25.0,-0.16086349538887812,0.0077953200841209234,0.3597888429386492,0.5505952789691607,-0.15717193429725274,0.4784113088820174,0.02078983295816666,40,-20.635906371126087
10,0.02,1.0,50.0,-0.3516835818217762,0.00822488153990497,0.1689687565057511,0.5505952789691607,-0.3434274981651547,0.4784113088820174,0.02078983295816666,40,-42.758498115200766
10,0.05,0.0,0.0,0.0,0.0,0.5206523383275273,0.5206523383275273,-0.0008729006308826516,3.4808491448009196e-17,0.047386756752912255,40,0.0
10,0.05,0.0,10.0,0.0,0.0,0.5206523383275273,0.5206523383275273,0.0009528766532065101,3.4808491448009196e-17,0.047386756752912255,40,0.0
10,0.05,0.0,25.0,0.0,0.0,0.5206523383275273,0.5206523383275273,0.0036915610916253895,3.4808491448009196e-17,0.047386756752912255,40,0.0
10,0.05,0.0,50.0,0.0,0.0,0.5206523383275273,0.5206523383275273,0.008256083656621508,3.4808491448009196e-17,0.047386756752912255,40,0.0
10,0.05,0.025,0.0,0.0025077587712108384,0.0019972552943911337,0.5231600970987381,0.5231600970987381,0.0016348581403281867,0.009083335562770311,0.047386756752912255,40,1.25560251523846
10,0.05,0.025,10.0,0.0010334109279249218,0.002000299278821123,0.5216857492554523,0.5231600970987381,0.0019862875811314322,0.009083335562770311,0.047386756752912255,40,0.5166281560297131
10,0.05,0.025,25.0,-0.0011781083593852746,0.002004971162119742,0.5194742299681421,0.5231600970987381,0.002513452732240115,0.009083335562770311,0.047386756752912255,40,-0.587593668000555
10,0.05,0.025,50.0,-0.004863967111934391,0.002013037867332343,0.515788371215593,0.5231600970987381,0.0033921165446871154,0.009083335562770311,0.047386756752912255,40,-2.4162322978951556
10,0.05,0.05,0.0,0.004862768354650745,0.002350164881312047,0.525515106682178,0.525515106682178,0.0039898677237680934,0.01819664318908893,0.047386756752912255,40,2.0691179556457184
10,0.05,0.05,10.0,0.0019097026888034718,0.002356789623228418,0.5225620410163307,0.525515106682178,0.002862579342009982,0.01819664318908893,0.047386756752912255,40,0.8102983270044656
10,0.05,0.05,25.0,-0.002519892499405307,0.0023670926775563885,0.518132445828122,0.525515106682178,0.0011716685922200827,0.01819664318908893,0.047386756752912255,40,-1.0645516854061912
10,0.05,0.05,50.0,-0.00990254134859479,0.002385226187145928,0.5107497969789325,0.525515106682178,-0.0016464576919732819,0.01819664318908893,0.047386756752912255,40,-4.151615222891627
10,0.05,0.1,0.0,0.008969868264309826,0.002781084276762301,0.5296222065918371,0.5296222065918371,0.008096967633427175,0.03668471974307675,0.047386756752912255,40,3.225313356829452
10,0.05,0.1,10.0,0.003017986832228699,0.002794013948395323,0.523670325159756,0.5296222065918371,0.003970863485435209,0.03668471974307675,0.047386756752912255,40,1.0801616913766696
10,0.05,0.1,25.0,-0.005909852259487747,0.0028147249674400285,0.5147424860680395,0.5296222065918371,-0.0022182911678623575,0.03668471974307675,0.047386756752912255,40,-2.099619795131428
10,0.05,0.1,50.0,-0.020789620555898402,0.0028526681064190485,0.49986271777162894,0.5296222065918371,-0.012533536899276896,0.03668471974307675,0.047386756752912255,40,-7.287781045792808
10,0.05,0.2,0.0,0.017186423402327393,0.003437596472518038,0.5378387617298548,0.5378387617298548,0.016313522771444742,0.07480581029610732,0.047386756752912255,40,4.999546497014626
10,0.05,0.2,10.0,0.005059034750187021,0.0034576495482829153,0.5257113730777143,0.5378387617298548,0.006011911403393531,0.07480581029610732,0.047386756752912255,40,1.4631427157501722
10,0.05,0.2,25.0,-0.013132211229887813,0.003492344617992339,0.5075201270976395,0.5378387617298548,-0.009440650138262424,0.07480581029610732,0.047386756752912255,40,-3.760285042384274
10,0.05,0.2,50.0,-0.043451300094066725,0.003562067027863715,0.47720103823346055,0.5378387617298548,-0.03519521643744522,0.07480581029610732,0.047386756752912255,40,-12.198338704515017
10,0.05,0.35,0.0,0.029759278244481623,0.004201695391281216,0.550411616572009,0.550411616572009,0.028886377613598975,0.13533089287046166,0.047386756752912255,40,7.0826834106618035
10,0.05,0.35,10.0,0.00785996450835396,0.004224626523897536,0.5285123028358812,0.550411616572009,0.00881284116156047,0.13533089287046166,0.047386756752912255,40,1.8605110922568728
10,0.05,0.35,25.0,-0.02498966147226051,0.004271316184391901,0.4956626768552669,0.550411616572009,-0.021298100380635118,0.13533089287046166,0.047386756752912255,40,-5.850576354795948
10,0.05,0.35,50.0,-0.07974012850200575,0.004380663095618715,0.44091220982552154,0.550411616572009,-0.07148404484538425,0.13533089287046166,0.047386756752912255,40,-18.202753044797532
10,0.05,0.5,0.0,0.042108958306240285,0.004905206039543046,0.5627612966337676,0.5627612966337676,0.04123605767535764,0.20083022253167687,0.047386756752912255,40,8.584544250900217
10,0.05,0.5,10.0,0.009684298011832737,0.004929089718918986,0.5303366363393601,0.5627612966337676,0.010637174665039249,0.20083022253167687,0.047386756752912255,40,1.9647234203634318
10,0.05,0.5,25.0,-0.038954227301659684,0.004987157075909971,0.4816981110258676,0.5627612966337676,-0.035262666210034294,0.20083022253167687,0.047386756752912255,40,-7.810908441168756
10,0.05,0.5,50.0,-0.12002000932065768,0.005140745487721583,0.4006323290068696,0.5627612966337676,-0.11176392566403617,0.20083022253167687,0.047386756752912255,40,-23.346810225738572
10,0.05,0.75,0.0,0.06126436038546414,0.006108446042411723,0.5819166987129915,0.5819166987129915,0.060391459754581475,0.32505514507204203,0.047386756752912255,40,10.029451019145924
10,0.05,0.75,10.0,0.009040996960402788,0.0061394700542270085,0.5296933352879301,0.5819166987129915,0.009993873613609297,0.32505514507204203,0.047386756752912255,40,1.472602175847097
10,0.05,0.75,25.0,-0.06929982942001969,0.006227632820998461,0.45135250890750767,0.5819166987129915,-0.06560826832839431,0.32505514507204203,0.047386756752912255,40,-11.12779629305586
10,0.05,0.75,50.0,-0.19987062368645625,0.006480055656530778,0.3207817146410711,0.5819166987129915,-0.19161454002983475,0.32505514507204203,0.047386756752912255,40,-30.843967132446025
10,0.05,1.0,0.0,0.07848505461005996,0.007535952408897154,0.5991373929375873,0.5991373929375873,0.0776121539791773,0.4785898239512588,0.047386756752912255,40,10.414749238251336
10,0.05,1.0,10.0,0.002135026373194305,0.007577860608352983,0.5227873647007216,0.5991373929375873,0.003087903026400815,0.4785898239512588,0.047386756752912255,40,0.2817452686898056
10,0.05,1.0,25.0,-0.11240921188960355,0.007707037814598947,0.4082431264379237,0.5991373929375873,-0.10871765079797817,0.4785898239512588,0.047386756752912255,40,-14.585267984111093
10,0.05,1.0,50.0,-0.3033235295446987,0.008089598654171947,0.2173288087828286,0.5991373929375873,-0.2950674458880772,0.4785898239512588,0.047386756752912255,40,-37.495497924148495
10,0.1,0.0,0.0,0.0,0.0,0.5206523383275273,0.5206523383275273,-0.0008729006308826516,3.4808491448009196e-17,0.09184663253464201,40,0.0
10,0.1,0.0,10.0,0.0,0.0,0.5206523383275273,0.5206523383275273,0.0009528766532065101,3.4808491448009196e-17,0.09184663253464201,40,0.0
10,0.1,0.0,25.0,0.0,0.0,0.5206523383275273,0.5206523383275273,0.0036915610916253895,3.4808491448009196e-17,0.09184663253464201,40,0.0
10,0.1,0.0,50.0,0.0,0.0,0.5206523383275273,0.5206523383275273,0.008256083656621508,3.4808491448009196e-17,0.09184663253464201,40,0.0
10,0.1,0.025,0.0,0.004542382125373192,0.001978538643252728,0.5251947204529005,0.5251947204529005,0.00366948149449054,0.009087512232251576,0.09184663253464201,40,2.295826842131065
10,0.1,0.025,10.0,0.003067322700376827,0.001981462660407899,0.5237196610279041,0.5251947204529005,0.004020199353583337,0.009087512232251576,0.09184663253464201,40,1.548009337579642
10,0.1,0.025,25.0,0.0008547359438708657,0.0019859556998163496,0.5215070742713982,0.5251947204529005,0.004546297035496255,0.009087512232251576,0.09184663253464201,40,0.43039023677613103
10,0.1,0.025,50.0,-0.002832902180807708,0.0019937273259717854,0.5178194361467197,0.5251947204529005,0.005423181475813799,0.009087512232251576,0.09184663253464201,40,-1.4209075353004408
10,0.1,0.05,0.0,0.0089813811613555,0.002322784380490124,0.5296337194888828,0.5296337194888828,0.00810848053047285,0.018206078419205463,0.09184663253464201,40,3.8666443759452034
10,0.1,0.05,10.0,0.006026701329462961,0.0023291512712691827,0.5266790396569903,0.5296337194888828,0.00697957798266947,0.018206078419205463,0.09184663253464201,40,2.58750962370037
10,0.1,0.05,25.0,0.0015946845071284905,0.002339072882979591,0.5222470228346558,0.5296337194888828,0.00528624559875388,0.018206078419205463,0.09184663253464201,40,0.6817592212420192
10,0.1,0.05,50.0,-0.005792001417016414,0.0023565850573076985,0.5148603369105109,0.5296337194888828,0.0024640822396050925,0.018206078419205463,0.09184663253464201,40,-2.457794340609771
10,0.1,0.1,0.0,0.017269238376602703,0.002742151823124854,0.53792157670413,0.53792157670413,0.01639633774572005,0.03670639783824812,0.09184663253464201,40,6.297695930243324
10,0.1,0.1,10.0,0.01131370359664859,0.00275437862931676,0.531966041924176,0.53792157670413,0.0122665802498551,0.03670639783824812,0.09184663253464201,40,4.107533901196082
10,0.1,0.1,25.0,0.002380380640094976,0.002774061798543388,0.5230327189676223,0.53792157670413,0.006071941731720366,0.03670639783824812,0.09184663253464201,40,0.8580849357230875
10,0.1,0.1,50.0,-0.012508537603558073,0.0028103639580256672,0.5081438007239693,0.53792157670413,-0.004252453946936566,0.03670639783824812,0.09184663253464201,40,-4.450860383345349
10,0.1,0.2,0.0,0.033782191662558504,0.003397439626568781,0.5544345299900859,0.5544345299900859,0.03290929103167585,0.07485118778760126,0.09184663253464201,40,9.943426631741673
10,0.1,0.2,10.0,0.02164669105617812,0.0034149732040527803,0.5422990293837054,0.5544345299900859,0.02259956770938463,0.07485118778760126,0.09184663253464201,40,6.33875868498427
10,0.1,0.2,25.0,0.0034432844886110843,0.0034460135267625966,0.5240956228161384,0.5544345299900859,0.007134845580236473,0.07485118778760126,0.09184663253464201,40,0.9992080593618342
10,0.1,0.2,50.0,-0.026896051945978848,0.0035100046152134238,0.49375628638154845,0.5544345299900859,-0.018639968289357343,0.07485118778760126,0.09184663253464201,40,-7.662682786627461
10,0.1,0.35,0.0,0.058697344169422586,0.00417304083324262,0.57934968249695,0.57934968249695,0.05782444353853994,0.13541392111312325,0.09184663253464201,40,14.065844671788748
10,0.1,0.35,10.0,0.03678216590988735,0.004188688483864972,0.5574345042374147,0.57934968249695,0.03773504256309386,0.13541392111312325,0.09184663253464201,40,8.781308529286438
10,0.1,0.35,25.0,0.003908824135570051,0.0042247799808019385,0.5245611624630974,0.57934968249695,0.00760038522719544,0.13541392111312325,0.09184663253464201,40,0.9252136568844672
10,0.1,0.35,50.0,-0.05088095106489242,0.004317562633507702,0.4697713872626349,0.57934968249695,-0.042624867408270914,0.13541392111312325,0.09184663253464201,40,-11.784646890821222
10,0.1,0.5,0.0,0.08330689880106265,0.0048807683602140415,0.60395923712859,0.60395923712859,0.08243399817018,0.20094919798322305,0.09184663253464201,40,17.068398385824914
10,0.1,0.5,10.0,0.05085886302793001,0.004890532801461135,0.5715112013554573,0.60395923712859,0.05181173968113652,0.20094919798322305,0.09184663253464201,40,10.39945238946869
10,0.1,0.5,25.0,0.0021852499982007315,0.004928047224290645,0.522837588325728,0.60395923712859,0.0058768110898261205,0.20094919798322305,0.09184663253464201,40,0.44343122107870664
10,0.1,0.5,50.0,-0.07893907064495692,0.00504975934040678,0.44171326768257047,0.60395923712859,-0.07068298698833542,0.20094919798322305,0.09184663253464201,40,-15.632244097913395
10,0.1,0.75,0.0,0.12268125709593211,0.006075230800018284,0.6433335954234594,0.6433335954234594,0.12180835646504946,0.3252881263254122,0.09184663253464201,40,20.193678418861534
10,0.1,0.75,10.0,0.07041014200231449,0.0060783058293938765,0.5910624803298419,0.6433335954234594,0.071363018655521,0.3252881263254122,0.09184663253464201,40,11.583843258070436
10,0.1,0.75,25.0,-0.00800286958004345,0.006126399700403498,0.5126494687474838,0.6433335954234594,-0.00431130848841806,0.3252881263254122,0.09184663253464201,40,-1.3062924346115328
10,0.1,0.75,50.0,-0.13869539331503256,0.00631899978436937,0.3819569450124948,0.6433335954234594,-0.13043930965841105,0.3252881263254122,0.09184663253464201,40,-21.948947309368236
10,0.1,1.0,0.0,0.15974920426404174,0.007499243104210439,0.680401542591569,0.680401542591569,0.15887630363315908,0.4788640148978339,0.09184663253464201,40,21.30204369216285
10,0.1,1.0,10.0,0.0833379054930894,0.007500797959921328,0.6039902438206167,0.680401542591569,0.08429078214629591,0.4788640148978339,0.09184663253464201,40,11.11053863047439
10,0.1,1.0,25.0,-0.031301841732194184,0.0075726298458843,0.48935049659533314,0.680401542591569,-0.027610280640568797,0.4788640148978339,0.09184663253464201,40,-4.133549687392502
10,0.1,1.0,50.0,-0.22238472594562136,0.007871741270190198,0.29826761238190597,0.680401542591569,-0.21412864228899986,0.4788640148978339,0.09184663253464201,40,-28.251020747820903
10,0.2,0.0,0.0,0.0,0.0,0.5206523383275273,0.5206523383275273,-0.0008729006308826516,3.4808491448009196e-17,0.18182056447184997,40,0.0
10,0.2,0.0,10.0,0.0,0.0,0.5206523383275273,0.5206523383275273,0.0009528766532065101,3.4808491448009196e-17,0.18182056447184997,40,0.0
10,0.2,0.0,25.0,0.0,0.0,0.5206523383275273,0.5206523383275273,0.0036915610916253895,3.4808491448009196e-17,0.18182056447184997,40,0.0
10,0.2,0.0,50.0,0.0,0.0,0.5206523383275273,0.5206523383275273,0.008256083656621508,3.4808491448009196e-17,0.18182056447184997,40,0.0
10,0.2,0.025,0.0,0.00866194947565236,0.0019385770349852566,0.5293142878031797,0.5293142878031797,0.007789048844769708,0.009095255757204164,0.18182056447184997,40,4.468199777120663
10,0.2,0.025,10.0,0.007185639263503099,0.0019412491596667893,0.5278379775910305,0.5293142878031797,0.008138515916709608,0.009095255757204164,0.18182056447184997,40,3.7015543459328515
10,0.2,0.025,25.0,0.004971175696373883,0.0019453655034764117,0.5256235140239012,0.5293142878031797,0.008662736787999272,0.009095255757204164,0.18182056447184997,40,2.5553941855606466
10,0.2,0.025,50.0,0.0012804078763640789,0.0019525124715470523,0.5219327462038914,0.5293142878031797,0.009536491532985586,0.009095255757204164,0.18182056447184997,40,0.6557744931327181
10,0.2,0.05,0.0,0.017320031311055955,0.002264066179902498,0.5379723696385833,0.5379723696385833,0.016447130680173304,0.018220032592830202,0.18182056447184997,40,7.649966889131236
10,0.2,0.05,10.0,0.014363072580580675,0.0022698579093773067,0.535015410908108,0.5379723696385833,0.015315949233787185,0.018220032592830202,0.18182056447184997,40,6.327740834015869
10,0.2,0.05,25.0,0.009927635190808737,0.0022789243333059834,0.5305799735183361,0.5379723696385833,0.013619196282434127,0.018220032592830202,0.18182056447184997,40,4.356281183064532
10,0.2,0.05,50.0,0.0025352424189743687,0.0022950319441938957,0.5231875807465017,0.5379723696385833,0.010791326075595875,0.018220032592830202,0.18182056447184997,40,1.1046654167007006
10,0.2,0.1,0.0,0.034079262968812085,0.0026584081846559057,0.5547316012963395,0.5547316012963395,0.03320636233792944,0.0367395283020059,0.18182056447184997,40,12.819424483235698
10,0.2,0.1,10.0,0.0281181153002379,0.0026689615007898593,0.5487704536277652,0.5547316012963395,0.029070991953444415,0.0367395283020059,0.18182056447184997,40,10.535227013172184
10,0.2,0.1,25.0,0.019176368334615772,0.002686181621262454,0.5398287066621431,0.5547316012963395,0.022867929426241163,0.0367395283020059,0.18182056447184997,40,7.138894921633499
10,0.2,0.1,50.0,0.004273397747737802,0.002718510003738825,0.524925736075265,0.5547316012963395,0.01252948140435931,0.0367395283020059,0.18182056447184997,40,1.5719632231849456
10,0.2,0.2,0.0,0.06741536796574729,0.0033150570058604143,0.5880677062932747,0.5880677062932747,0.06654246733486463,0.07493493507017193,0.18182056447184997,40,20.336111218168874
10,0.2,0.2,10.0,0.05526472919717414,0.0033268735509100517,0.5759170675247015,0.5880677062932747,0.056217605850380645,0.07493493507017193,0.18182056447184997,40,16.6116109769356
10,0.2,0.2,25.0,0.03703863372639983,0.0033495237752343924,0.5576909720539271,0.5880677062932747,0.04073019481802522,0.07493493507017193,0.18182056447184997,40,11.057880526257183
10,0.2,0.2,50.0,0.006661532320455325,0.003400108192399566,0.5273138706479826,0.5880677062932747,0.014917615977076831,0.07493493507017193,0.18182056447184997,40,1.9592118672418088
10,0.2,0.35,0.0,0.11738504026795411,0.004127987415461887,0.6380373785954815,0.6380373785954815,0.11651213963707145,0.1355631334448385,0.18182056447184997,40,28.436385205118103
10,0.2,0.35,10.0,0.09544047249360015,0.004127608934832363,0.6160928108211274,0.6380373785954815,0.09639334914680667,0.1355631334448385,0.18182056447184997,40,23.12246000055631
10,0.2,0.35,25.0,0.06252305161356238,0.004139982387208338,0.5831753899410896,0.6380373785954815,0.06621461270518776,0.1355631334448385,0.18182056447184997,40,15.102250629554673
10,0.2,0.35,50.0,0.007659829479415811,0.004194696688437607,0.5283121678069431,0.6380373785954815,0.015915913136037317,0.1355631334448385,0.18182056447184997,40,1.8260746958247551
10,0.2,0.5,0.0,0.166905418352391,0.00485878513216988,0.6875577566799184,0.6875577566799184,0.16603251772150834,0.20115715447239935,0.18182056447184997,40,34.35126555552229
10,0.2,0.5,10.0,0.13441211492011748,0.004838927363847288,0.6550644532476448,0.6875577566799184,0.135364991573324,0.20115715447239935,0.18182056447184997,40,27.777254092371905
10,0.2,0.5,25.0,0.08567037920798297,0.004832475772624362,0.6063227175355104,0.6875577566799184,0.08936194029960835,0.20115715447239935,0.18182056447184997,40,17.728051466558753
10,0.2,0.5,50.0,0.0044319491878587,0.00488394262973496,0.525084287515386,0.6875577566799184,0.012688032844480206,0.20115715447239935,0.18182056447184997,40,0.9074531631218632
10,0.2,0.75,0.0,0.24740373760304452,0.006055486053004575,0.7680560759305719,0.7680560759305719,0.24653083697216185,0.3256410980993699,0.18182056447184997,40,40.856132016073126
10,0.2,0.75,10.0,0.19504410193603544,0.0060028473046555685,0.7156964402635627,0.7680560759305719,0.19599697858924198,0.3256410980993699,0.18182056447184997,40,32.49193125148578
10,0.2,0.75,25.0,0.11649616970160878,0.005968818880132554,0.6371485080291361,0.7680560759305719,0.1201877307932342,0.3256410980993699,0.18182056447184997,40,19.517457648006513
10,0.2,0.75,50.0,-0.014426798234235238,0.006033590737477316,0.5062255400932921,0.7680560759305719,-0.00617071457761373,0.3256410980993699,0.18182056447184997,40,-2.3910800155244165
10,0.2,1.0,0.0,0.32488628985371515,0.007486320466361963,0.8455386281812425,0.8455386281812425,0.3240133892228325,0.4793053053676897,0.18182056447184997,40,43.397326004612815
10,0.2,1.0,10.0,0.2483388045072767,0.007402408345369326,0.768991142834804,0.8455386281812425,0.24929168116048323,0.4793053053676897,0.18182056447184997,40,33.54837951659723
10,0.2,1.0,25.0,0.13348702786626077,0.007349328641420005,0.6541393661937881,0.8455386281812425,0.13717858895788615,0.4793053053676897,0.18182056447184997,40,18.163159436624266
10,0.2,1.0,50.0,-0.05796937746999794,0.007459223492720306,0.4626829608575294,0.8455386281812425,-0.04971329381337643,0.4793053053676897,0.18182056447184997,40,-7.771502962281812
25,0.0,0.0,0.0,0.0,0.0,0.5276006861340361,0.5276006861340361,-0.0032288829930705518,3.6669976227985774e-17,0.002517859807074644,40,0.0
25,0.0,0.0,10.0,0.0,0.0,0.5276006861340361,0.5276006861340361,-0.0013104229693956368,3.6669976227985774e-17,0.002517859807074644,40,0.0
25,0.0,0.0,25.0,0.0,0.0,0.5276006861340361,0.5276006861340361,0.0015672697805202273,3.6669976227985774e-17,0.002517859807074644,40,0.0
25,0.0,0.0,50.0,0.0,0.0,0.5276006861340361,0.5276006861340361,0.006363431161695393,3.6669976227985774e-17,0.002517859807074644,40,0.0
25,0.0,0.025,0.0,0.0018560887042247676,0.0015651681275080994,0.5294567748382609,0.5294567748382609,-0.0013727942888457842,0.008951562506555221,0.002517859807074644,40,1.1858717741587559
25,0.0,0.025,10.0,0.0003801619526762719,0.0015641586471107016,0.5279808480867124,0.5294567748382609,-0.0009302610167193649,0.008951562506555221,0.002517859807074644,40,0.24304564845676194
25,0.0,0.025,25.0,-0.0018337299968982658,0.0015627915672708139,0.5257669561371379,0.5294567748382609,-0.0002664602163780385,0.008951562506555221,0.002517859807074644,40,-1.1733682439179054
25,0.0,0.025,50.0,-0.005523554722153015,0.0015609066480132944,0.5220771314118832,0.5294567748382609,0.0008398764395423778,0.008951562506555221,0.002517859807074644,40,-3.5386835780239245
25,0.0,0.05,0.0,0.002594063549514173,0.0017805692793257009,0.5301947496835504,0.5301947496835504,-0.0006348194435563788,0.01792609396211944,0.002517859807074644,40,1.4568731358189788
25,0.0,0.05,10.0,-0.0003612387953709748,0.001777886706612168,0.5272394473386652,0.5301947496835504,-0.0016716617647666119,0.01792609396211944,0.002517859807074644,40,-0.2031843727879204
25,0.0,0.05,25.0,-0.004794200423874538,0.001774383942727433,0.5228064857101616,0.5301947496835504,-0.003226930643354311,0.01792609396211944,0.002517859807074644,40,-2.7018957444493656
25,0.0,0.05,50.0,-0.012182491027936174,0.0017699447132207807,0.5154181951061,0.5301947496835504,-0.00581905986624078,0.01792609396211944,0.002517859807074644,40,-6.882978285670636
25,0.0,0.1,0.0,0.003130048205838375,0.0019567959689495837,0.5307307343398746,0.5307307343398746,-9.883478723217674e-05,0.03615140949673114,0.002517859807074644,40,1.599578216383284
25,0.0,0.1,10.0,-0.002828043560176876,0.001951029274464045,0.5247726425738592,0.5307307343398746,-0.004138466529572513,0.03615140949673114,0.002517859807074644,40,-1.4495136475867334
25,0.0,0.1,25.0,-0.011765225185307027,0.0019443033194224623,0.5158354609487291,0.5307307343398746,-0.0101979554047868,0.03615140949673114,0.002517859807074644,40,-6.05112642033743
25,0.0,0.1,50.0,-0.026660641553496324,0.0019382812510572755,0.5009400445805399,0.5307307343398746,-0.020297210391800928,0.03615140949673114,0.002517859807074644,40,-13.75478483267262
25,0.0,0.2,0.0,0.0035001088574130963,0.0022636725805829714,0.5311007949914492,0.5311007949914492,0.00027122586434254485,0.07381492979837022,0.002517859807074644,40,1.5462080900903528
25,0.0,0.2,10.0,-0.008659073704997132,0.0022540760566057616,0.518941612429039,0.5311007949914492,-0.009969496674392769,0.07381492979837022,0.002517859807074644,40,-3.8415179823329297
25,0.0,0.2,25.0,-0.026898070183316258,0.0022466321347554357,0.50070261595072,0.5311007949914492,-0.025330800402796033,0.07381492979837022,0.002517859807074644,40,-11.972618822281884
25,0.0,0.2,50.0,-0.05729695516005917,0.002252930260222165,0.470303730973977,0.5311007949914492,-0.050933523998363775,0.07381492979837022,0.002517859807074644,40,-25.432192097419396
25,0.0,0.35,0.0,0.003784108274773658,0.0027319857569764053,0.5313847944088098,0.5313847944088098,0.0005552252817031063,0.13379049353060085,0.002517859807074644,40,1.3851127390069842
25,0.0,0.35,10.0,-0.018235862142935426,0.0027246793353418505,0.5093648239911007,0.5313847944088098,-0.01954628511233106,0.13379049353060085,0.002517859807074644,40,-6.69284708347064
25,0.0,0.35,25.0,-0.051266650572451986,0.0027325612193499515,0.4763340355615842,0.5313847944088098,-0.049699380791931765,0.13379049353060085,0.002517859807074644,40,-18.761391404305957
25,0.0,0.35,50.0,-0.10631992412838531,0.0027952279366964088,0.4212807620056508,0.5313847944088098,-0.09995649296668993,0.13379049353060085,0.002517859807074644,40,-38.036226932549
25,0.0,0.5,0.0,0.004005829196397975,0.003156939142369766,0.5316065153304341,0.5316065153304341,0.0007769462033274232,0.19886961394104755,0.002517859807074644,40,1.2688965531945564
25,0.0,0.5,10.0,-0.028692847154167977,0.0031640244433266468,0.4989078389798681,0.5316065153304341,-0.030003270123563613,0.19886961394104755,0.002517859807074644,40,-9.068465705024831
25,0.0,0.5,25.0,-0.07774240714167542,0.003210452197241067,0.44985827899236075,0.5316065153304341,-0.07617513736115519,0.19886961394104755,0.002517859807074644,40,-24.21540716553391
25,0.0,0.5,50.0,-0.15949480624599757,0.0033781514057483236,0.3681058798880386,0.5316065153304341,-0.1531313750843022,0.19886961394104755,0.002517859807074644,40,-47.213634644852895
25,0.0,0.75,0.0,0.003943746899794226,0.003894504466334792,0.5315444330338304,0.5315444330338304,0.0007148639067236743,0.3226263440690772,0.002517859807074644,40,1.0126440819069793
25,0.0,0.75,10.0,-0.04899180271968667,0.003954404020814962,0.4786088834143495,0.5315444330338304,-0.05030222568908231,0.3226263440690772,0.002517859807074644,40,-12.38917481921586
25,0.0,0.75,25.0,-0.12839668146957275,0.004115977212171331,0.39920400466446343,0.5315444330338304,-0.12682941168905254,0.3226263440690772,0.002517859807074644,40,-31.19470173204354
25,0.0,0.75,50.0,-0.2607373314898337,0.004551511185089095,0.2668633546442025,0.5315444330338304,-0.2543739003281383,0.3226263440690772,0.002517859807074644,40,-57.28588174055641
25,0.0,1.0,0.0,0.003323180895703229,0.004841801472764327,0.5309238670297394,0.5309238670297394,9.429790263267689e-05,0.475531204343294,0.002517859807074644,40,0.6863521592937033
25,0.0,1.0,10.0,-0.07448292468466015,0.004973812186873846,0.45311776144937604,0.5309238670297394,-0.07579334765405579,0.475531204343294,0.002517859807074644,40,-14.975017529054384
25,0.0,1.0,25.0,-0.1911887293065035,0.005286304407844096,0.33641195682753267,0.5309238670297394,-0.18962145952598325,0.475531204343294,0.002517859807074644,40,-36.16680284676902
25,0.0,1.0,50.0,-0.38567212146149915,0.006055834531886709,0.141928564672537,0.5309238670297394,-0.37930869029980374,0.475531204343294,0.002517859807074644,40,-63.686040203172816
25,0.02,0.0,0.0,0.0,0.0,0.5276006861340361,0.5276006861340361,-0.0032288829930705518,3.6669976227985774e-17,0.021679417240476492,40,0.0
25,0.02,0.0,10.0,0.0,0.0,0.5276006861340361,0.5276006861340361,-0.0013104229693956368,3.6669976227985774e-17,0.021679417240476492,40,0.0
25,0.02,0.0,25.0,0.0,0.0,0.5276006861340361,0.5276006861340361,0.0015672697805202273,3.6669976227985774e-17,0.021679417240476492,40,0.0
25,0.02,0.0,50.0,0.0,0.0,0.5276006861340361,0.5276006861340361,0.006363431161695393,3.6669976227985774e-17,0.021679417240476492,40,0.0
25,0.02,0.025,0.0,0.002776566764847816,0.0015640332968897717,0.5303772528988839,0.5303772528988839,-0.0004523162282227355,0.008953621149964905,0.021679417240476492,40,1.77526064845888
25,0.02,0.025,10.0,0.0013002825554850861,0.0015629675292181933,0.5289009686895213,0.5303772528988839,-1.0140413910550775e-05,0.008953621149964905,0.021679417240476492,40,0.8319319059273714
25,0.02,0.025,25.0,-0.0009141454215733141,0.0015615156766430058,0.5266865407124628,0.5303772528988839,0.0006531243589469133,0.008953621149964905,0.021679417240476492,40,-0.5854218662335635
25,0.02,0.025,50.0,-0.004604863101213552,0.001559488627688026,0.5229958230328225,0.5303772528988839,0.001758568060481841,0.008953621149964905,0.021679417240476492,40,-2.952803258360631
25,0.02,0.05,0.0,0.004449185257162278,0.001781386643243802,0.5320498713911984,0.5320498713911984,0.0012203022640917265,0.017930243693977464,0.021679417240476492,40,2.4975966189241037
25,0.02,0.05,10.0,0.0014931502372502723,0.0017785093863386188,0.5290938363712864,0.5320498713911984,0.0001827272678546354,0.017930243693977464,0.021679417240476492,40,0.8395515079761207
25,0.02,0.05,25.0,-0.0029409095875984406,0.001774712933565362,0.5246597765464378,0.5320498713911984,-0.0013736398070782131,0.017930243693977464,0.021679417240476492,40,-1.6571184736284157
25,0.02,0.05,50.0,-0.010331028341263974,0.00176978052574034,0.5172696577927722,0.5320498713911984,-0.003967597179568581,0.017930243693977464,0.021679417240476492,40,-5.8374630023359915
25,0.02,0.1,0.0,0.006862119145701534,0.00195972901746356,0.5344628052797378,0.5344628052797378,0.0036332361526309823,0.03616092422246021,0.021679417240476492,40,3.5015653105871976
25,0.02,0.1,10.0,0.0009023581682021554,0.0019532764247970143,0.5285030443022383,0.5344628052797378,-0.00040806480119348154,0.03616092422246021,0.021679417240476492,40,0.4619715656968158
25,0.02,0.1,25.0,-0.008037323830146697,0.001945513719709011,0.5195633623038896,0.5344628052797378,-0.006470054049626468,0.03616092422246021,0.021679417240476492,40,-4.131209021414063
25,0.02,0.1,50.0,-0.022936898294686398,0.0019377515225559047,0.5046637878393498,0.5344628052797378,-0.016573467132991005,0.03616092422246021,0.021679417240476492,40,-11.836862480919383
25,0.02,0.2,0.0,0.010998867748150152,0.002267001788819425,0.5385995538821863,0.5385995538821863,0.007769984755079599,0.07383474513629157,0.021679417240476492,40,4.851724335814475
25,0.02,0.2,10.0,-0.0011638050196246183,0.002255114352541092,0.5264368811144116,0.5385995538821863,-0.002474227989020255,0.07383474513629157,0.021679417240476492,40,-0.516073616538881
25,0.02,0.2,25.0,-0.019408025418362344,0.002244205917449556,0.5081926607156738,0.5385995538821863,-0.017840755637842116,0.07383474513629157,0.021679417240476492,40,-8.648059105208462
25,0.02,0.2,50.0,-0.0498155864894692,0.0022447495752047934,0.477785099644567,0.5385995538821863,-0.043452155327773814,0.07383474513629157,0.021679417240476492,40,-22.192046293148053
25,0.02,0.35,0.0,0.016932275220548267,0.0027299740574513796,0.5445329613545844,0.5445329613545844,0.013703392227477717,0.13382253110240064,0.021679417240476492,40,6.202357555132125
25,0.02,0.35,10.0,-0.005093516336560125,0.002716892849386395,0.522507169797476,0.5445329613545844,-0.006403939305955761,0.13382253110240064,0.021679417240476492,40,-1.8747579013690163
25,0.02,0.35,25.0,-0.03813299991416622,0.0027161360017066605,0.48946768621986997,0.5445329613545844,-0.03656573013364599,0.13382253110240064,0.021679417240476492,40,-14.03942950213306
25,0.02,0.35,50.0,-0.09320066739590963,0.0027649787718143095,0.43440001873812656,0.5445329613545844,-0.08683723623421423,0.13382253110240064,0.021679417240476492,40,-33.70755260256617
25,0.02,0.5,0.0,0.02278844615557288,0.0031447018260934963,0.5503891322896091,0.5503891322896091,0.01955956316250233,0.19891268711051863,0.021679417240476492,40,7.246615868787093
25,0.02,0.5,10.0,-0.00991828723269272,0.0031414401644519266,0.5176823989013435,0.5503891322896091,-0.011228710202088358,0.19891268711051863,0.021679417240476492,40,-3.157242128921186
25,0.02,0.5,25.0,-0.05897987492040212,0.003172763615234265,0.4686208112136341,0.5503891322896091,-0.0574126051398819,0.19891268711051863,0.021679417240476492,40,-18.589432454786667
25,0.02,0.5,50.0,-0.14075216461020978,0.0033176831197731186,0.38684852152382637,0.5503891322896091,-0.13438873344851437,0.19891268711051863,0.021679417240476492,40,-42.42483670949117
25,0.02,0.75,0.0,0.03207426152483653,0.003858456532744195,0.5596749476588727,0.5596749476588727,0.028845378531765976,0.32268468777344567,0.021679417240476492,40,8.312718117372391
25,0.02,0.75,10.0,-0.020873108435638717,0.003899065862988572,0.5067275776983975,0.5596749476588727,-0.022183531405034353,0.32268468777344567,0.021679417240476492,40,-5.353361335537896
25,0.02,0.75,25.0,-0.10029576726656826,0.0040338429639870865,0.4273049188674679,0.5596749476588727,-0.09872849748604803,0.32268468777344567,0.021679417240476492,40,-24.86357752693353
25,0.02,0.75,50.0,-0.2326661804646001,0.004432823847707253,0.294934505669436,0.5596749476588727,-0.2263027493029047,0.32268468777344567,0.021679417240476492,40,-52.487125240706284
25,0.02,1.0,0.0,0.040735708425073174,0.004782074460102447,0.5683363945591093,0.5683363945591093,0.03750682543200263,0.47558778208740654,0.021679417240476492,40,8.518417846676625
25,0.02,1.0,10.0,-0.037083389458832036,0.004885314671772915,0.49051729667520416,0.5683363945591093,-0.038393812428227675,0.47558778208740654,0.021679417240476492,40,-7.590788301334582
25,0.02,1.0,25.0,-0.15380954397979155,0.005159444477467326,0.37379114215424464,0.5683363945591093,-0.1522422741992713,0.47558778208740654,0.021679417240476492,40,-29.811260621471742
25,0.02,1.0,50.0,-0.3483291494737761,0.0058802572516034384,0.17927153666026008,0.5683363945591093,-0.34196571831208067,0.47558778208740654,0.021679417240476492,40,-59.23705963353782
25,0.05,0.0,0.0,0.0,0.0,0.5276006861340361,0.5276006861340361,-0.0032288829930705518,3.6669976227985774e-17,0.050426474524370844,40,0.0
25,0.05,0.0,10.0,0.0,0.0,0.5276006861340361,0.5276006861340361,-0.0013104229693956368,3.6669976227985774e-17,0.050426474524370844,40,0.0
25,0.05,0.0,25.0,0.0,0.0,0.5276006861340361,0.5276006861340361,0.0015672697805202273,3.6669976227985774e-17,0.050426474524370844,40,0.0
25,0.05,0.0,50.0,0.0,0.0,0.5276006861340361,0.5276006861340361,0.006363431161695393,3.6669976227985774e-17,0.050426474524370844,40,0.0
25,0.05,0.025,0.0,0.004157643118537292,0.0015622033566684843,0.5317583292525734,0.5317583292525734,0.0009287601254667404,0.008956503489959376,0.050426474524370844,40,2.661396866668996
25,0.05,0.025,10.0,0.0026808545720387895,0.0015610547817837188,0.5302815407060749,0.5317583292525734,0.0013704316026431527,0.008956503489959376,0.050426474524370844,40,1.717335357683954
25,0.05,0.025,25.0,0.0004656703583654878,0.001559478200364222,0.5280663564924016,0.5317583292525734,0.002032940138885715,0.008956503489959376,0.050426474524370844,40,0.2986065199607976
25,0.05,0.025,50.0,-0.003226306997859504,0.001557241990346212,0.5243743791361767,0.5317583292525734,0.0031371241638358887,0.008956503489959376,0.050426474524370844,40,-2.071808375230249
25,0.05,0.05,0.0,0.007233042963121851,0.0017827815772521762,0.534833729097158,0.534833729097158,0.004004159970051299,0.0179361106320383,0.050426474524370844,40,4.0571672129741385
25,0.05,0.05,10.0,0.004275968709480549,0.0017796248961524164,0.5318766548435168,0.534833729097158,0.0029655457400849113,0.0179361106320383,0.050426474524370844,40,2.402735946617333
25,0.05,0.05,25.0,-0.0001596487557694223,0.001775406451740623,0.5274410373782668,0.534833729097158,0.001407621024750805,0.0179361106320383,0.050426474524370844,40,-0.08992236995246997
25,0.05,0.05,50.0,-0.00755236034771303,0.0017697641453282198,0.5200483257863231,0.534833729097158,-0.0011889291860176362,0.0179361106320383,0.050426474524370844,40,-4.26743889441402
25,0.05,0.1,0.0,0.012462955823120734,0.0019649540801913545,0.540063641957157,0.540063641957157,0.009234072830050183,0.03617370240304234,0.050426474524370844,40,6.34261937658464
25,0.05,0.1,10.0,0.0065009175809408615,0.0019575086923913415,0.5341016037149771,0.540063641957157,0.0051904946115452245,0.03617370240304234,0.050426474524370844,40,3.321015945527771
25,0.05,0.1,25.0,-0.002442174227098661,0.0019482432360824265,0.5251585119069375,0.540063641957157,-0.0008749044465784339,0.03617370240304234,0.050426474524370844,40,-1.253526347156448
25,0.05,0.1,50.0,-0.017347415460934757,0.0019379528879649222,0.5102532706731014,0.540063641957157,-0.010983984299239361,0.03617370240304234,0.050426474524370844,40,-8.951412373678277
25,0.05,0.2,0.0,0.022252107295159734,0.0022744966134857487,0.5498527934291959,0.5498527934291959,0.019023224302089185,0.07386162191708225,0.050426474524370844,40,9.783310805223653
25,0.05,0.2,10.0,0.010084634634470686,0.0022592324472321445,0.5376853207685068,0.5498527934291959,0.00877421166507505,0.07386162191708225,0.050426474524370844,40,4.463743713855422
25,0.05,0.2,25.0,-0.008166766568932154,0.0022431913083978175,0.519433919565104,0.5498527934291959,-0.006599496788411925,0.07386162191708225,0.050426474524370844,40,-3.640691071848529
25,0.05,0.2,50.0,-0.03858624476842148,0.0022351385781059275,0.48901444136561467,0.5498527934291959,-0.03222281360672609,0.07386162191708225,0.050426474524370844,40,-17.263468648606004
25,0.05,0.35,0.0,0.036662688933858434,0.0027327525338294305,0.5642633750678946,0.5642633750678946,0.03343380594078788,0.13386871187705346,0.050426474524370844,40,13.416029618489707
25,0.05,0.35,10.0,0.014628447140280592,0.00271105356437162,0.5422291332743168,0.5642633750678946,0.013318024170884957,0.13386871187705346,0.050426474524370844,40,5.395853233047883
25,0.05,0.35,25.0,-0.01842366227261776,0.002697279920770219,0.5091770238614184,0.5642633750678946,-0.01685639249209753,0.13386871187705346,0.050426474524370844,40,-6.830459875798433
25,0.05,0.35,50.0,-0.073512240115325,0.0027249788636839137,0.4540884460187112,0.5642633750678946,-0.06714880895362961,0.13386871187705346,0.050426474524370844,40,-26.97717809669298
25,0.05,0.5,0.0,0.05097380509139767,0.003135680579126259,0.5785744912254338,0.5785744912254338,0.04774492209832712,0.19897991003975354,0.050426474524370844,40,16.25605791314409
25,0.05,0.5,10.0,0.01825419738485849,0.0031166948932010298,0.5458548835188947,0.5785744912254338,0.016943774415462853,0.19897991003975354,0.050426474524370844,40,5.856908683836662
25,0.05,0.5,25.0,-0.030826601661829288,0.003124723874767204,0.49677408447220683,0.5785744912254338,-0.029259331881309063,0.19897991003975354,0.050426474524370844,40,-9.86538423787155
25,0.05,0.5,50.0,-0.11263064127565232,0.003233776713218304,0.41497004485838385,0.5785744912254338,-0.10626721011395693,0.19897991003975354,0.050426474524370844,40,-34.82944286637545
25,0.05,0.75,0.0,0.07428849205819313,0.0038186438263570427,0.6018891781922293,0.6018891781922293,0.07105960906512257,0.32277264534670513,0.050426474524370844,40,19.454155830255523
25,0.05,0.75,10.0,0.021322547423089554,0.003829091886323798,0.5489232335571257,0.6018891781922293,0.02001212445369392,0.32277264534670513,0.050426474524370844,40,5.5685650948326355
25,0.05,0.75,25.0,-0.0581280174394614,0.003921192393753382,0.46947266869457477,0.6018891781922293,-0.05656074765894117,0.32277264534670513,0.050426474524370844,40,-14.824066661983148
25,0.05,0.75,50.0,-0.19054505381109296,0.004260781404226205,0.33705563232294317,0.6018891781922293,-0.18418162264939758,0.32277264534670513,0.050426474524370844,40,-44.72068283580429
25,0.05,1.0,0.0,0.09688214300114115,0.004709003718588582,0.6244828291351773,0.6244828291351773,0.0936532600080706,0.47567201295663847,0.050426474524370844,40,20.573808981866634
25,0.05,1.0,10.0,0.01904242789409109,0.004767023363538104,0.5466431140281273,0.6244828291351773,0.017732004924695455,0.47567201295663847,0.050426474524370844,40,3.994616019661738
25,0.05,1.0,25.0,-0.09771594657850893,0.004979798828467865,0.42988473955552725,0.6244828291351773,-0.09614867679798869,0.47567201295663847,0.050426474524370844,40,-19.622468686867258
25,0.05,1.0,50.0,-0.2922927055899585,0.005621712992955964,0.23530798054407764,0.6244828291351773,-0.2859292744282631,0.47567201295663847,0.050426474524370844,40,-51.99353043390917
25,0.1,0.0,0.0,0.0,0.0,0.5276006861340361,0.5276006861340361,-0.0032288829930705518,3.6669976227985774e-17,0.09838761249347484,40,0.0
25,0.1,0.0,10.0,0.0,0.0,0.5276006861340361,0.5276006861340361,-0.0013104229693956368,3.6669976227985774e-17,0.09838761249347484,40,0.0
25,0.1,0.0,25.0,0.0,0.0,0.5276006861340361,0.5276006861340361,0.0015672697805202273,3.6669976227985774e-17,0.09838761249347484,40,0.0
25,0.1,0.0,50.0,0.0,0.0,0.5276006861340361,0.5276006861340361,0.006363431161695393,3.6669976227985774e-17,0.09838761249347484,40,0.0
25,0.1,0.025,0.0,0.006458909818086526,0.0015599950051392634,0.5340595959521227,0.5340595959521227,0.0032300268250159752,0.008961136597722704,0.09838761249347484,40,4.140340063146502
25,0.1,0.025,10.0,0.004981311772234477,0.001558717902926695,0.5325819979062707,0.5340595959521227,0.0036708888028388403,0.008961136597722704,0.09838761249347484,40,3.1957750423482136
25,0.1,0.025,25.0,0.0027649137808331056,0.0015569477543729785,0.5303655999148693,0.5340595959521227,0.0043321835613533335,0.008961136597722704,0.09838761249347484,40,1.7758552096994449
25,0.1,0.025,50.0,-0.000929085281144698,0.0015543870162658215,0.5266716008528914,0.5340595959521227,0.005434345880550695,0.008961136597722704,0.09838761249347484,40,-0.5977181174458625
25,0.1,0.05,0.0,0.011871880490554595,0.001786885242083723,0.5394725666245908,0.5394725666245908,0.008642997497484045,0.017945203190418493,0.09838761249347484,40,6.643896435515106
25,0.1,0.05,10.0,0.00891321235841737,0.001783314438667743,0.5365138984924536,0.5394725666245908,0.007602789389021733,0.017945203190418493,0.09838761249347484,40,4.998115960456276
25,0.1,0.05,25.0,0.004475205959006874,0.001778468736068537,0.5320758920930431,0.5394725666245908,0.006042475739527102,0.017945203190418493,0.09838761249347484,40,2.5163253467697806
25,0.1,0.05,50.0,-0.0029214821641240798,0.0017717662474674434,0.5246792039699121,0.5394725666245908,0.003441948997571313,0.017945203190418493,0.09838761249347484,40,-1.6489094813156286
25,0.1,0.1,0.0,0.02179646411454123,0.001977157449720901,0.5493971502485774,0.5493971502485774,0.018567581121470677,0.036192696417786156,0.09838761249347484,40,11.024141814106942
25,0.1,0.1,10.0,0.015831023717497845,0.001968166378717692,0.543431709851534,0.5493971502485774,0.01452060074810221,0.036192696417786156,0.09838761249347484,40,8.04353935149128
25,0.1,0.1,25.0,0.0068828389635421944,0.0019565494559376133,0.5344835250975783,0.5493971502485774,0.008450108744062422,0.036192696417786156,0.09838761249347484,40,3.5178456351586656
25,0.1,0.1,50.0,-0.008030863059081076,0.0019422705547988103,0.5195698230749551,0.5493971502485774,-0.0016674318973856823,0.036192696417786156,0.09838761249347484,40,-4.134780831248792
25,0.1,0.2,0.0,0.04100828570192571,0.002295226583996157,0.5686089718359619,0.5686089718359619,0.037779402708855166,0.07390057674050853,0.09838761249347484,40,17.866770099241048
25,0.1,0.2,10.0,0.028833684751270912,0.0022744877287750854,0.556434370885307,0.5686089718359619,0.027523261781875273,0.07390057674050853,0.09838761249347484,40,12.67700167668047
25,0.1,0.2,25.0,0.010571632872996646,0.0022500648135408484,0.5381723190070329,0.5686089718359619,0.012138902653516874,0.07390057674050853,0.09838761249347484,40,4.698368157831168
25,0.1,0.2,50.0,-0.019865484873122848,0.00222780315403748,0.5077352012609133,0.5686089718359619,-0.013502053711427455,0.07390057674050853,0.09838761249347484,40,-8.917073681810866
25,0.1,0.35,0.0,0.06955621169305676,0.0027551511319471294,0.5971568978270929,0.5971568978270929,0.06632732869998621,0.13394185355883279,0.09838761249347484,40,25.245878850899828
25,0.1,0.35,10.0,0.04750816365145226,0.002719262699989298,0.5751088497854885,0.5971568978270929,0.04619774068205662,0.13394185355883279,0.09838761249347484,40,17.4709724263269
25,0.1,0.35,25.0,0.014435456567331991,0.002683734053096705,0.5420361427013682,0.5971568978270929,0.01600272634785222,0.13394185355883279,0.09838761249347484,40,5.378869992976844
25,0.1,0.35,50.0,-0.04068715167902891,0.0026752354402465386,0.4869135344550073,0.5971568978270929,-0.03432372051733352,0.13394185355883279,0.09838761249347484,40,-15.208811556144513
25,0.1,0.5,0.0,0.09797318665710694,0.0031494595010454103,0.6255738727911431,0.6255738727911431,0.09474430366403638,0.19907866994673523,0.09838761249347484,40,31.107936655348762
25,0.1,0.5,10.0,0.0652333990102963,0.003104086758893163,0.5928340851443326,0.6255738727911431,0.06392297604090066,0.19907866994673523,0.09838761249347484,40,21.015327237037937
25,0.1,0.5,25.0,0.016122563983277376,0.00307197940521221,0.5437232501173136,0.6255738727911431,0.017689833763797604,0.19907866994673523,0.09838761249347484,40,5.2482656478498235
25,0.1,0.5,50.0,-0.06573090766911602,0.003116732542406454,0.46186977846492017,0.6255738727911431,-0.059367476507420615,0.19907866994673523,0.09838761249347484,40,-21.08968503866702
25,0.1,0.75,0.0,0.1447043565609883,0.003799807694741342,0.6723050426950244,0.6723050426950244,0.14147547356791773,0.3229056002687534,0.09838761249347484,40,38.082021035235186
25,0.1,0.75,10.0,0.09170862177391308,0.0037577744545807257,0.6193093079079492,0.6723050426950244,0.09039819880451745,0.3229056002687534,0.09838761249347484,40,24.40503624748428
25,0.1,0.75,25.0,0.012213182316523593,0.003772702478411334,0.5398138684505598,0.6723050426950244,0.013780452097043821,0.3229056002687534,0.09838761249347484,40,3.2372503229214358
25,0.1,0.75,50.0,-0.12027913894337586,0.003999493565863277,0.40732154719066027,0.6723050426950244,-0.11391570778168045,0.3229056002687534,0.09838761249347484,40,-30.073592309283793
25,0.1,1.0,0.0,0.19056413790789906,0.004649524527077773,0.7181648240419352,0.7181648240419352,0.1873352549148285,0.4758241632518752,0.09838761249347484,40,40.98572591629463
25,0.1,1.0,10.0,0.11268537449047762,0.004626870954690594,0.6402860606245138,0.7181648240419352,0.11137495152108198,0.4758241632518752,0.09838761249347484,40,24.35455312974318
25,0.1,1.0,25.0,-0.004133813796919017,0.00472544902083665,0.5234668723371172,0.7181648240419352,-0.00256654401639879,0.4758241632518752,0.09838761249347484,40,-0.8747980940416785
25,0.1,1.0,50.0,-0.19881790970115049,0.005213691685687733,0.32878277643288567,0.7181648240419352,-0.19245447853945508,0.4758241632518752,0.09838761249347484,40,-38.133806463265124
25,0.2,0.0,0.0,0.0,0.0,0.5276006861340361,0.5276006861340361,-0.0032288829930705518,3.6669976227985774e-17,0.19473810033511604,40,0.0
25,0.2,0.0,10.0,0.0,0.0,0.5276006861340361,0.5276006861340361,-0.0013104229693956368,3.6669976227985774e-17,0.19473810033511604,40,0.0
25,0.2,0.0,25.0,0.0,0.0,0.5276006861340361,0.5276006861340361,0.0015672697805202273,3.6669976227985774e-17,0.19473810033511604,40,0.0
25,0.2,0.0,50.0,0.0,0.0,0.5276006861340361,0.5276006861340361,0.006363431161695393,3.6669976227985774e-17,0.19473810033511604,40,0.0
25,0.2,0.025,0.0,0.011068992761233732,0.0015564726576181194,0.53866967889527,0.53866967889527,0.00784010976816318,0.008972418335062978,0.19473810033511604,40,7.111588312879641
25,0.2,0.025,10.0,0.009589470355975193,0.0015549499198881972,0.5371901564900113,0.53866967889527,0.008279047386579554,0.008972418335062978,0.19473810033511604,40,6.167060580745062
25,0.2,0.025,25.0,0.007370186656924708,0.001552809874490793,0.5349708727909609,0.53866967889527,0.008937456437444936,0.008972418335062978,0.19473810033511604,40,4.746354835836928
25,0.2,0.025,50.0,0.003671380299855343,0.0015496290787816599,0.5312720664338915,0.53866967889527,0.010034811461550736,0.008972418335062978,0.19473810033511604,40,2.369199410443326
25,0.2,0.05,0.0,0.021168415452207923,0.001799006862701701,0.5487691015862441,0.5487691015862441,0.01793953245913737,0.017967521423347822,0.19473810033511604,40,11.766723013172811
25,0.2,0.05,10.0,0.018205881724813636,0.001794630728000626,0.5458065678588497,0.5487691015862441,0.016895458755418,0.017967521423347822,0.19473810033511604,40,10.144639474158879
25,0.2,0.05,25.0,0.013762081103727997,0.0017885635458074515,0.5413627672377641,0.5487691015862441,0.015329350884248225,0.017967521423347822,0.19473810033511604,40,7.694488203109983
25,0.2,0.05,50.0,0.0063557470716499795,0.0017797919020726936,0.5339564332056861,0.5487691015862441,0.012719178233345372,0.017967521423347822,0.19473810033511604,40,3.571061911366302
25,0.2,0.1,0.0,0.040515705700898595,0.0020128994886281005,0.5681163918349348,0.5681163918349348,0.03728682270782804,0.036236793187703266,0.19473810033511604,40,20.128032189283445
25,0.2,0.1,10.0,0.034542428569442396,0.0020009435995948207,0.5621431147034786,0.5681163918349348,0.03323200560004676,0.036236793187703266,0.19473810033511604,40,17.26306957199445
25,0.2,0.1,25.0,0.02558250981195089,0.0019847928042064145,0.553183195945987,0.5681163918349348,0.02714977959247112,0.036236793187703266,0.19473810033511604,40,12.889259653568534
25,0.2,0.1,50.0,0.010649307414323843,0.0019627571272190733,0.53824999354836,0.5681163918349348,0.01701273857601924,0.036236793187703266,0.19473810033511604,40,5.425687807544627
25,0.2,0.2,0.0,0.07864848018553909,0.002367207038246012,0.6062491663195753,0.6062491663195753,0.07541959719246853,0.07398869905182429,0.19473810033511604,40,33.224166249443854
25,0.2,0.2,10.0,0.0664577886743214,0.0023361469025593605,0.5940584748083576,0.6062491663195753,0.06514736570492576,0.07398869905182429,0.19473810033511604,40,28.447606869890638
25,0.2,0.2,25.0,0.04817168409425164,0.0022956775514447426,0.5757723702282878,0.6062491663195753,0.04973895387477186,0.07398869905182429,0.19473810033511604,40,20.98364557510948
25,0.2,0.2,50.0,0.01769470042046043,0.0022454983305348593,0.5452953865544966,0.6062491663195753,0.024058131582155824,0.07398869905182429,0.19473810033511604,40,7.880077299476637
25,0.2,0.35,0.0,0.13560057321656885,0.0028690950072209143,0.663201259350605,0.663201259350605,0.13237169022349832,0.134104740805375,0.19473810033511604,40,47.26248969632949
25,0.2,0.35,10.0,0.11352095465273779,0.002806463100949074,0.641121640786774,0.663201259350605,0.11221053168334216,0.134104740805375,0.19473810033511604,40,40.44982975701619
25,0.2,0.35,25.0,0.08040112040494056,0.002728801510129386,0.6080018065389767,0.663201259350605,0.08196839018546079,0.134104740805375,0.19473810033511604,40,29.463894719527747
25,0.2,0.35,50.0,0.02520057816625106,0.002646826790640333,0.5528012643002872,0.663201259350605,0.03156400932794645,0.134104740805375,0.19473810033511604,40,9.521053004059407
25,0.2,0.5,0.0,0.1923807558938749,0.0032942292866868024,0.7199814420279111,0.7199814420279111,0.18915187290080435,0.19929882103101854,0.19473810033511604,40,58.39932170822372
25,0.2,0.5,10.0,0.15959485765302214,0.003198999159059674,0.6871955437870583,0.7199814420279111,0.1582844346836265,0.19929882103101854,0.19473810033511604,40,49.88899643847798
25,0.2,0.5,25.0,0.11041513359133179,0.0030876708954058188,0.638015819725368,0.7199814420279111,0.11198240337185202,0.19929882103101854,0.19473810033511604,40,35.76000724546769
25,0.2,0.5,50.0,0.028447591980161623,0.0029958632592602475,0.5560482781141978,0.7199814420279111,0.034811023141857016,0.19929882103101854,0.19473810033511604,40,9.495624305358328
25,0.2,0.75,0.0,0.2862487538094378,0.00396510123368884,0.8138494399434739,0.8138494399434739,0.28301987081636726,0.32319996451854155,0.19473810033511604,40,72.19204175100793
25,0.2,0.75,10.0,0.23318101076003606,0.0038214267000063465,0.7607816968940722,0.8138494399434739,0.2318705877906404,0.32319996451854155,0.19473810033511604,40,61.01935980079084
25,0.2,0.75,25.0,0.1535771609138705,0.0036755193992341222,0.6811778470479066,0.8138494399434739,0.1551444306943907,0.32319996451854155,0.19473810033511604,40,41.78379821525953
25,0.2,0.75,50.0,0.020903121515018462,0.0036398542560195585,0.5485038076490547,0.8138494399434739,0.027266552676713858,0.32319996451854155,0.19473810033511604,40,5.742845741817565
25,0.2,1.0,0.0,0.37899831859796074,0.004800173112809012,0.906599004731997,0.906599004731997,0.3757694356048902,0.4762144763289635,0.19473810033511604,40,78.9551355109722
25,0.2,1.0,10.0,0.30101010561036523,0.004615104404245923,0.8286107917444013,0.906599004731997,0.2996996826409696,0.4762144763289635,0.19473810033511604,40,65.22281605014919
25,0.2,1.0,25.0,0.18402236744799028,0.004461798728928919,0.7116230535820265,0.906599004731997,0.1855896372285105,0.4762144763289635,0.19473810033511604,40,41.24398670313081
25,0.2,1.0,50.0,-0.010954310463745245,0.004567831794801968,0.5166463756702909,0.906599004731997,-0.004590879302049852,0.4762144763289635,0.19473810033511604,40,-2.398142260012916
50,0.0,0.0,0.0,0.0,0.0,0.5304631472161593,0.5304631472161593,0.0009167128145067812,4.4958204910641735e-17,-7.331300265572093e-05,40,0.0
50,0.0,0.0,10.0,0.0,0.0,0.5304631472161593,0.5304631472161593,0.0028665602158026732,4.4958204910641735e-17,-7.331300265572093e-05,40,0.0
50,0.0,0.0,25.0,0.0,0.0,0.5304631472161593,0.5304631472161593,0.0057913357634250704,4.4958204910641735e-17,-7.331300265572093e-05,40,0.0
50,0.0,0.0,50.0,0.0,0.0,0.5304631472161593,0.5304631472161593,0.010665973259630387,4.4958204910641735e-17,-7.331300265572093e-05,40,0.0
50,0.0,0.025,0.0,-0.0009249940536292127,0.0009855698805174692,0.5295381531625301,0.5295381531625301,-8.281239122431578e-06,0.008923481619176868,-7.331300265572093e-05,40,-0.9385372584068301
50,0.0,0.025,10.0,-0.002406245406798183,0.000982098028972711,0.528056901809361,0.5295381531625301,0.00046031480900449027,0.008923481619176868,-7.331300265572093e-05,40,-2.4501071540843546
50,0.0,0.025,25.0,-0.004628122049662144,0.0009771000197148644,0.5258350251664972,0.5295381531625301,0.0011632137137629268,0.008923481619176868,-7.331300265572093e-05,40,-4.73658986417042
50,0.0,0.025,50.0,-0.008331248730839663,0.0009693388217771968,0.5221318984853196,0.5295381531625301,0.0023347245287907263,0.008923481619176868,-7.331300265572093e-05,40,-8.5947746481102
50,0.0,0.05,0.0,-0.0006797711804614066,0.001149078811878534,0.5297833760356979,0.5297833760356979,0.0002369416340453746,0.01786125243720408,-7.331300265572093e-05,40,-0.5915792489029581
50,0.0,0.05,10.0,-0.003644645103217736,0.0011417704521695584,0.5268185021129416,0.5297833760356979,-0.0007780848874150635,0.01786125243720408,-7.331300265572093e-05,40,-3.1920996871939447
50,0.0,0.05,25.0,-0.008091953741067205,0.0011315305043105165,0.5223711934750921,0.5297833760356979,-0.002300617977642134,0.01786125243720408,-7.331300265572093e-05,40,-7.151335037138864
50,0.0,0.05,50.0,-0.01550412861040171,0.0011164480519759872,0.5149590186057575,0.5297833760356979,-0.004838155350771323,0.01786125243720408,-7.331300265572093e-05,40,-13.887012998913072
50,0.0,0.1,0.0,-0.0005503631227973661,0.0013437675331759232,0.529912784093362,0.529912784093362,0.00036634969170941503,0.03601035976896328,-7.331300265572093e-05,40,-0.4095672124899551
50,0.0,0.1,10.0,-0.006527222869342789,0.0013291254708432147,0.5239359243468165,0.529912784093362,-0.003660662653540115,0.03601035976896328,-7.331300265572093e-05,40,-4.910915494834233
50,0.0,0.1,25.0,-0.015492502970892271,0.001309736953408641,0.5149706442452671,0.529912784093362,-0.009701167207467202,0.03601035976896328,-7.331300265572093e-05,40,-11.828713338638291
50,0.0,0.1,50.0,-0.030434609284430973,0.0012846168770664424,0.5000285379317283,0.529912784093362,-0.019768636024800584,0.03601035976896328,-7.331300265572093e-05,40,-23.691584493216062
50,0.0,0.2,0.0,-0.0006225350532867583,0.001672361692244621,0.5298406121628726,0.5298406121628726,0.00029417776122002296,0.07352346132219026,-7.331300265572093e-05,40,-0.37224905125110835
50,0.0,0.2,10.0,-0.012823041945246716,0.0016467245182983808,0.5176401052709126,0.5298406121628726,-0.009956481729444041,0.07352346132219026,-7.331300265572093e-05,40,-7.786998859103175
50,0.0,0.2,25.0,-0.031123740247625008,0.0016173229402577218,0.4993394069685343,0.5298406121628726,-0.02533240448419994,0.07352346132219026,-7.331300265572093e-05,40,-19.243986140866472
50,0.0,0.2,50.0,-0.061624720439140676,0.0015937967140209086,0.4688384267770186,0.5298406121628726,-0.05095874717951029,0.07352346132219026,-7.331300265572093e-05,40,-38.6653579449733
50,0.0,0.35,0.0,-0.0009455567119213049,0.0021084262228404237,0.529517590504238,0.529517590504238,-2.8843897414523693e-05,0.13330087468443771,-7.331300265572093e-05,40,-0.4484656383411284
50,0.0,0.35,10.0,-0.023058365040557725,0.0020734656510178555,0.5074047821756016,0.529517590504238,-0.020191804824755053,0.13330087468443771,-7.331300265572093e-05,40,-11.120688220341856
50,0.0,0.35,25.0,-0.05622732316977945,0.002045905328406761,0.4742358240463799,0.529517590504238,-0.05043598740635439,0.13330087468443771,-7.331300265572093e-05,40,-27.482856801378098
50,0.0,0.35,50.0,-0.11150810779905973,0.002068399547509717,0.4189550394170996,0.529517590504238,-0.10084213453942933,0.13330087468443771,-7.331300265572093e-05,40,-53.91033271754082
50,0.0,0.5,0.0,-0.001400067596835832,0.0025393879485908462,0.5290630796193235,0.5290630796193235,-0.00048335478232905074,0.19819446448601732,-7.331300265572093e-05,40,-0.5513405691370457
50,0.0,0.5,10.0,-0.03426297843352473,0.0025012457696031026,0.4962001687826346,0.5290630796193235,-0.03139641821772205,0.19819446448601732,-7.331300265572093e-05,40,-13.69836537053357
50,0.0,0.5,25.0,-0.08355689065848478,0.002490748380169964,0.4469062565576746,0.5290630796193235,-0.0777655548950597,0.19819446448601732,-7.331300265572093e-05,40,-33.54690153518558
50,0.0,0.5,50.0,-0.16571168293465358,0.00259705810817874,0.36475146428150573,0.5290630796193235,-0.1550457096750232,0.19819446448601732,-7.331300265572093e-05,40,-63.80746060813539
50,0.0,0.75,0.0,-0.002348399475875053,0.003223597822182682,0.5281147477402842,0.5281147477402842,-0.001431686661368272,0.3217838587528449,-7.331300265572093e-05,40,-0.7285026251460126
50,0.0,0.75,10.0,-0.05564460841981078,0.0031901982473018964,0.47481853879634855,0.5281147477402842,-0.05277804820400811,0.3217838587528449,-7.331300265572093e-05,40,-17.44236693342556
50,0.0,0.75,25.0,-0.13558852897837861,0.0032376755996297818,0.3948746182377807,0.5281147477402842,-0.12979719321495353,0.3217838587528449,-7.331300265572093e-05,40,-41.878355260138704
50,0.0,0.75,50.0,-0.26882474423201674,0.003557381334967481,0.26163840298414254,0.5281147477402842,-0.2581587709723864,0.3217838587528449,-7.331300265572093e-05,40,-75.56815503291388
50,0.0,1.0,0.0,-0.0038192922880173627,0.0038431957796333863,0.5266438549281419,0.5266438549281419,-0.0029025794735105816,0.47474701991466733,-7.331300265572093e-05,40,-0.993780308632025
50,0.0,1.0,10.0,-0.082320407540849,0.0038350383113609026,0.4481427396753103,0.5266438549281419,-0.07945384732504633,0.47474701991466733,-7.331300265572093e-05,40,-21.465341636088315
50,0.0,1.0,25.0,-0.20007238689683327,0.00400046961446514,0.330390760319326,0.5266438549281419,-0.1942810511334082,0.47474701991466733,-7.331300265572093e-05,40,-50.012225108122166
50,0.0,1.0,50.0,-0.3963174160310531,0.004673690704934152,0.13414573118510617,0.5266438549281419,-0.3856514427714227,0.47474701991466733,-7.331300265572093e-05,40,-84.79752748992337
50,0.02,0.0,0.0,0.0,0.0,0.5304631472161593,0.5304631472161593,0.0009167128145067812,4.4958204910641735e-17,0.01950680252568992,40,0.0
50,0.02,0.0,10.0,0.0,0.0,0.5304631472161593,0.5304631472161593,0.0028665602158026732,4.4958204910641735e-17,0.01950680252568992,40,0.0
50,0.02,0.0,25.0,0.0,0.0,0.5304631472161593,0.5304631472161593,0.0057913357634250704,4.4958204910641735e-17,0.01950680252568992,40,0.0
50,0.02,0.0,50.0,0.0,0.0,0.5304631472161593,0.5304631472161593,0.010665973259630387,4.4958204910641735e-17,0.01950680252568992,40,0.0
50,0.02,0.025,0.0,5.2368117719110404e-05,0.000985277180055029,0.5305155153338784,0.5305155153338784,0.0009690809322258915,0.008925641740033744,0.01950680252568992,40,0.05315064509683009
50,0.02,0.025,10.0,-0.0014292421201532078,0.000981733148850769,0.5290339050960061,0.5305155153338784,0.0014373180956494655,0.008925641740033744,0.01950680252568992,40,-1.4558356533303365
50,0.02,0.025,25.0,-0.003651657132236052,0.000976626668969059,0.5268114900839233,0.5305155153338784,0.0021396786311890193,0.008925641740033744,0.01950680252568992,40,-3.7390512140025765
50,0.02,0.025,50.0,-0.007355681207774395,0.000968684357412833,0.523107466008385,0.5305155153338784,0.0033102920518559924,0.008925641740033744,0.01950680252568992,40,-7.593475781337055
50,0.02,0.05,0.0,0.0012817356379837075,0.0011511237396229484,0.531744882854143,0.531744882854143,0.002198448452490489,0.017865776135577438,0.01950680252568992,40,1.1134646900806173
50,0.02,0.05,10.0,-0.0016838846123945045,0.001143554484410415,0.5287792626037648,0.531744882854143,0.0011826756034081685,0.017865776135577438,0.01950680252568992,40,-1.4725005544993064
50,0.02,0.05,25.0,-0.00613231291512597,0.0011329180324658361,0.5243308343010333,0.531744882854143,-0.0003409771517008988,0.017865776135577438,0.01950680252568992,40,-5.412847831346434
50,0.02,0.05,50.0,-0.013546354354217494,0.001117162813120243,0.5169167928619418,0.531744882854143,-0.0028803810945871077,0.017865776135577438,0.01950680252568992,40,-12.125676038555596
50,0.02,0.1,0.0,0.003380109702325145,0.0013501088300355544,0.5338432569184844,0.5338432569184844,0.004296822516831926,0.03601976630202945,0.01950680252568992,40,2.5035831387282546
50,0.02,0.1,10.0,-0.002598311015995078,0.0013345730207802431,0.5278648362001642,0.5338432569184844,0.0002682491998075952,0.03601976630202945,0.01950680252568992,40,-1.946923079919602
50,0.02,0.1,25.0,-0.011565932888306069,0.001313802867851985,0.5188972143278533,0.5338432569184844,-0.005774597124880997,0.03601976630202945,0.01950680252568992,40,-8.803400549137105
50,0.02,0.1,50.0,-0.02651194298083785,0.0012862894636751201,0.5039512042353215,0.5338432569184844,-0.015845969721207463,0.03601976630202945,0.01950680252568992,40,-20.611179465848448
50,0.02,0.2,0.0,0.0072343695206595225,0.0016854396090541701,0.5376975167368189,0.5376975167368189,0.008151082335166305,0.07354147807939697,0.01950680252568992,40,4.29227453881856
50,0.02,0.2,10.0,-0.004969179125389673,0.0016568054794763002,0.5254939680907696,0.5376975167368189,-0.002102618909587001,0.07354147807939697,0.01950680252568992,40,-2.9992531935374704
50,0.02,0.2,25.0,-0.02327444120623815,0.0016227159242964788,0.5071887060099212,0.5376975167368189,-0.01748310544281308,0.07354147807939697,0.01950680252568992,40,-14.34289320623305
50,0.02,0.2,50.0,-0.053783030696379984,0.001591071881666547,0.4766801165197793,0.5376975167368189,-0.043117057436749595,0.07354147807939697,0.01950680252568992,40,-33.80301752303338
50,0.02,0.35,0.0,0.012782783069780802,0.0021289861036896326,0.5432459302859401,0.5432459302859401,0.01369949588428758,0.13333317714162699,0.01950680252568992,40,6.004164633873204
50,0.02,0.35,10.0,-0.009335588119673662,0.0020861901362769363,0.5211275590964857,0.5432459302859401,-0.006469027903870989,0.13333317714162699,0.01950680252568992,40,-4.474945958825293
50,0.02,0.35,25.0,-0.04251289700370815,0.0020463840376191847,0.48795025021245114,0.5432459302859401,-0.03672156124028308,0.13333317714162699,0.01950680252568992,40,-20.774642599914305
50,0.02,0.35,50.0,-0.09780761655081258,0.002048446964359715,0.4326555306653467,0.5432459302859401,-0.08714164329118218,0.13333317714162699,0.01950680252568992,40,-47.747204712905216
50,0.02,0.5,0.0,0.018190719953593937,0.0025662515119909473,0.5486538671697533,0.5486538671697533,0.01910743276810072,0.1982399368562695,0.01950680252568992,40,7.088440033487297
50,0.02,0.5,10.0,-0.01468003503824486,0.0025140446236600737,0.5157831121779145,0.5486538671697533,-0.011813474822442186,0.1982399368562695,0.01950680252568992,40,-5.839210211341802
50,0.02,0.5,25.0,-0.06398576730431135,0.002481784121816099,0.4664773799118479,0.5486538671697533,-0.058194431540886285,0.1982399368562695,0.01950680252568992,40,-25.782164831278067
50,0.02,0.5,50.0,-0.14616040253847556,0.0025535656266863433,0.38430274467768377,0.5486538671697533,-0.13549442927884517,0.1982399368562695,0.01950680252568992,40,-57.237770202969834
50,0.02,0.75,0.0,0.026999393345728817,0.003260364852858126,0.557462540561888,0.557462540561888,0.0279161061602356,0.3218502725858672,0.01950680252568992,40,8.281095694569398
50,0.02,0.75,10.0,-0.026308574304003844,0.0031996087847416805,0.5041545729121555,0.557462540561888,-0.023442014088201173,0.3218502725858672,0.01950680252568992,40,-8.22243470184992
50,0.02,0.75,25.0,-0.10627030909808499,0.003205764638848525,0.42419283811807434,0.557462540561888,-0.10047897333465991,0.3218502725858672,0.01950680252568992,40,-33.14975398077137
50,0.02,0.75,50.0,-0.2395366821526222,0.0034656782843307888,0.29092646506353714,0.557462540561888,-0.22887070889299177,0.3218502725858672,0.01950680252568992,40,-69.11682576990148
50,0.02,1.0,0.0,0.035255181647120784,0.003887574529211139,0.5657183288632801,0.5657183288632801,0.036171894461627566,0.4748073700011912,0.01950680252568992,40,9.068683155066024
50,0.02,1.0,10.0,-0.04325679663031101,0.00383347559186843,0.48720635058584827,0.5657183288632801,-0.04039023641450834,0.4748073700011912,0.01950680252568992,40,-11.283962971374423
50,0.02,1.0,25.0,-0.16102577821497732,0.00393231262194625,0.36943736900118196,0.5657183288632801,-0.15523444245155224,0.4748073700011912,0.01950680252568992,40,-40.94938365690762
50,0.02,1.0,50.0,-0.3573010188524372,0.004520249068276482,0.1731621283637221,0.5657183288632801,-0.3466350455928068,0.4748073700011912,0.01950680252568992,40,-79.0445423372814
50,0.05,0.0,0.0,0.0,0.0,0.5304631472161593,0.5304631472161593,0.0009167128145067812,4.4958204910641735e-17,0.04888229570928412,40,0.0
50,0.05,0.0,10.0,0.0,0.0,0.5304631472161593,0.5304631472161593,0.0028665602158026732,4.4958204910641735e-17,0.04888229570928412,40,0.0
50,0.05,0.0,25.0,0.0,0.0,0.5304631472161593,0.5304631472161593,0.0057913357634250704,4.4958204910641735e-17,0.04888229570928412,40,0.0
50,0.05,0.0,50.0,0.0,0.0,0.5304631472161593,0.5304631472161593,0.010665973259630387,4.4958204910641735e-17,0.04888229570928412,40,0.0
50,0.05,0.025,0.0,0.0015184963423462068,0.0009852484975655467,0.5319816435585055,0.5319816435585055,0.0024352091568529883,0.008928853934725743,0.04888229570928412,40,1.541231827400157
50,0.05,0.025,10.0,3.63530655462573e-05,0.0009815956393917995,0.5304995002817056,0.5319816435585055,0.0029029132813489303,0.008928853934725743,0.04888229570928412,40,0.037034664873594796
50,0.05,0.025,25.0,-0.002186861541280531,0.0009763253120889764,0.5282762856748787,0.5319816435585055,0.00360447422214454,0.008928853934725743,0.04888229570928412,40,-2.2398902437564105
50,0.05,0.025,50.0,-0.005892218371511647,0.0009681085969856116,0.5245709288446476,0.5319816435585055,0.004773754888118741,0.008928853934725743,0.04888229570928412,40,-6.086319644157875
50,0.05,0.05,0.0,0.00422376784806784,0.0011548948802659073,0.5346869150642272,0.5346869150642272,0.005140480662574621,0.017872387504685026,0.04888229570928412,40,3.657274718453461
50,0.05,0.05,10.0,0.0012570605360130618,0.0011469315570832206,0.5317202077521724,0.5346869150642272,0.004123620751815734,0.017872387504685026,0.04888229570928412,40,1.0960205325677077
50,0.05,0.05,25.0,-0.0031929986010313,0.0011356947485045628,0.527270148615128,0.5346869150642272,0.0025983371623937708,0.017872387504685026,0.04888229570928412,40,-2.8114936740138248
50,0.05,0.05,50.0,-0.010609758740749407,0.001118916811897385,0.5198533884754098,0.5346869150642272,5.621451888097994e-05,0.017872387504685026,0.04888229570928412,40,-9.482169387336384
50,0.05,0.1,0.0,0.009275193292644519,0.0013610257813246231,0.5397383405088039,0.5397383405088039,0.0101919061071513,0.036033401561471834,0.04888229570928412,40,6.814854957131969
50,0.05,0.1,10.0,0.003294507232293213,0.0013441691486986557,0.5337576544484526,0.5397383405088039,0.006161067448095886,0.036033401561471834,0.04888229570928412,40,2.4509617970943305
50,0.05,0.1,25.0,-0.005676513102768124,0.001321352646814902,0.5247866341133911,0.5397383405088039,0.00011482266065694653,0.036033401561471834,0.04888229570928412,40,-4.295986477532143
50,0.05,0.1,50.0,-0.020628188488512757,0.0012902802679909222,0.5098349587276465,0.5397383405088039,-0.009962215228882371,0.036033401561471834,0.04888229570928412,40,-15.987370341354307
50,0.05,0.2,0.0,0.019020011356690406,0.0017084348261373413,0.5494831585728497,0.5494831585728497,0.019936724171197184,0.0735693353284543,0.04888229570928412,40,11.133003767953737
50,0.05,0.2,10.0,0.006811777644587987,0.0016754028710420814,0.5372749248607473,0.5494831585728497,0.00967833786039066,0.0735693353284543,0.04888229570928412,40,4.065755026640929
50,0.05,0.2,25.0,-0.011500515388827232,0.001634384072623204,0.5189626318273322,0.5494831585728497,-0.005709179625402161,0.0735693353284543,0.04888229570928412,40,-7.036605153872298
50,0.05,0.2,50.0,-0.042020832002172985,0.001590582736664936,0.48844231521398634,0.5494831585728497,-0.031354858742542596,0.0735693353284543,0.04888229570928412,40,-26.41851381480502
50,0.05,0.35,0.0,0.03337848407684217,0.0021673268859467502,0.5638416312930015,0.5638416312930015,0.03429519689134895,0.1333815754653946,0.04888229570928412,40,15.40076132182594
50,0.05,0.35,10.0,0.011251851702805165,0.0021131091140079283,0.5417149989189645,0.5638416312930015,0.01411841191860784,0.1333815754653946,0.04888229570928412,40,5.324784994876014
50,0.05,0.35,25.0,-0.02193787003833513,0.002055135501424375,0.5085252771778241,0.5638416312930015,-0.016146534274910057,0.1333815754653946,0.04888229570928412,40,-10.674658689478338
50,0.05,0.35,50.0,-0.07725333358746614,0.0020259512025076675,0.45320981362869317,0.5638416312930015,-0.06658736032783576,0.1333815754653946,0.04888229570928412,40,-38.131882688903886
50,0.05,0.5,0.0,0.04758352750485913,0.002619108771666247,0.5780466747210184,0.5780466747210184,0.04850024031936591,0.1983041366404889,0.04888229570928412,40,18.16783175239684
50,0.05,0.5,10.0,0.01470158877961272,0.0025464852100926523,0.545164735995772,0.5780466747210184,0.01756814899541539,0.1983041366404889,0.04888229570928412,40,5.773286536809618
50,0.05,0.5,25.0,-0.034620992775929005,0.002481826812173972,0.49584215444023033,0.5780466747210184,-0.028829657012503934,0.1983041366404889,0.04888229570928412,40,-13.9498020595573
50,0.05,0.5,50.0,-0.11682390593188893,0.00250003222048969,0.4136392412842704,0.5780466747210184,-0.10615793267225855,0.1983041366404889,0.04888229570928412,40,-46.728960120764455
50,0.05,0.75,0.0,0.07103529507510406,0.003338149728216017,0.6014984422912634,0.6014984422912634,0.07195200788961084,0.321945737510152,0.04888229570928412,40,21.279840887504747
50,0.05,0.75,10.0,0.017710010138145924,0.003237542531717651,0.5481731573543052,0.6014984422912634,0.0205765703539486,0.321945737510152,0.04888229570928412,40,5.4702015385570935
50,0.05,0.75,25.0,-0.062277947860187866,0.003181215648665612,0.46818519935597147,0.6014984422912634,-0.05648661209676279,0.321945737510152,0.04888229570928412,40,-19.57677653393629
50,0.05,0.75,50.0,-0.19558868199464344,0.0033456116053033206,0.33487446522151587,0.6014984422912634,-0.18492270873501307,0.321945737510152,0.04888229570928412,40,-58.46126361009886
50,0.05,1.0,0.0,0.09389272033678567,0.003989142017116018,0.6243558675529449,0.6243558675529449,0.09480943315129245,0.47490185846720284,0.04888229570928412,40,23.53707136369794
50,0.05,1.0,10.0,0.01536283454959816,0.00386765318594508,0.5458259817657575,0.6243558675529449,0.018229394765400832,0.47490185846720284,0.04888229570928412,40,3.9721334388062965
50,0.05,1.0,25.0,-0.10243396300226444,0.003863637454602846,0.4280291842138949,0.6243558675529449,-0.09664262723883937,0.47490185846720284,0.04888229570928412,40,-26.51231234965702
50,0.05,1.0,50.0,-0.29875808975899354,0.0043110426591127515,0.23170505745716574,0.6243558675529449,-0.28809211649936317,0.47490185846720284,0.04888229570928412,40,-69.30065726152671
50,0.1,0.0,0.0,0.0,0.0,0.5304631472161593,0.5304631472161593,0.0009167128145067812,4.4958204910641735e-17,0.09787523090997725,40,0.0
50,0.1,0.0,10.0,0.0,0.0,0.5304631472161593,0.5304631472161593,0.0028665602158026732,4.4958204910641735e-17,0.09787523090997725,40,0.0
50,0.1,0.0,25.0,0.0,0.0,0.5304631472161593,0.5304631472161593,0.0057913357634250704,4.4958204910641735e-17,0.09787523090997725,40,0.0
50,0.1,0.0,50.0,0.0,0.0,0.5304631472161593,0.5304631472161593,0.010665973259630387,4.4958204910641735e-17,0.09787523090997725,40,0.0
50,0.1,0.025,0.0,0.003964554342701154,0.0009850472203043867,0.5344277015588605,0.5344277015588605,0.004881267157207935,0.008934020402903878,0.09787523090997725,40,4.024735323323971
50,0.1,0.025,10.0,0.00248156010370147,0.0009812198696020704,0.5329447073198608,0.5344277015588605,0.005348120319504143,0.008934020402903878,0.09787523090997725,40,2.529056107177952
50,0.1,0.025,25.0,0.0002570690000425544,0.0009756865072630687,0.5307202162162018,0.5344277015588605,0.006048404763467625,0.008934020402903878,0.09787523090997725,40,0.2634749974801511
50,0.1,0.025,50.0,-0.003450415467421887,0.0009670283994036134,0.5270127317487374,0.5344277015588605,0.0072155577922085,0.008934020402903878,0.09787523090997725,40,-3.5680601206229623
50,0.1,0.05,0.0,0.009131336439562637,0.0011614750159511427,0.5395944836557219,0.5395944836557219,0.010048049254069418,0.0178825104983978,0.09787523090997725,40,7.861844907688265
50,0.1,0.05,10.0,0.006162963790156385,0.0011528847254987703,0.5366261110063156,0.5395944836557219,0.009029524005959058,0.0178825104983978,0.09787523090997725,40,5.34568951591419
50,0.1,0.05,25.0,0.0017104063136152837,0.0011406898681638998,0.5321735535297746,0.5395944836557219,0.007501742077040355,0.0178825104983978,0.09787523090997725,40,1.4994490276032892
50,0.1,0.05,50.0,-0.005710518612375719,0.0011222718408489991,0.5247526286037836,0.5395944836557219,0.004955454647254669,0.0178825104983978,0.09787523090997725,40,-5.088355962006236
50,0.1,0.1,0.0,0.019109345428088696,0.001381387723019226,0.549572492644248,0.549572492644248,0.020026058242595478,0.03605405930859827,0.09787523090997725,40,13.833440901242708
50,0.1,0.1,10.0,0.013125223701515715,0.0013624293133033222,0.543588370917675,0.549572492644248,0.015991783917318387,0.03605405930859827,0.09787523090997725,40,9.633691504840371
50,0.1,0.1,25.0,0.004149049409817452,0.0013363347988434035,0.5346121966259767,0.549572492644248,0.009940385173242524,0.03605405930859827,0.09787523090997725,40,3.1047978496170647
50,0.1,0.1,50.0,-0.010811217105205499,0.001299496683830316,0.5196519301109538,0.549572492644248,-0.00014524384557511194,0.03605405930859827,0.09787523090997725,40,-8.31954189628174
50,0.1,0.2,0.0,0.0386829599412842,0.0017545063530555113,0.5691461071574435,0.5691461071574435,0.039599672755790974,0.07361380115394198,0.09787523090997725,40,22.047774220889526
50,0.1,0.2,10.0,0.0264673366558165,0.0017146534575467685,0.5569304838719759,0.5691461071574435,0.02933389687161917,0.07361380115394198,0.09787523090997725,40,15.435968439759543
50,0.1,0.2,25.0,0.008143945016711684,0.0016627421850999166,0.538607092232871,0.5691461071574435,0.013935280780136755,0.07361380115394198,0.09787523090997725,40,4.897900041083219
50,0.1,0.2,50.0,-0.022394907159869335,0.0015993601232710023,0.5080682400562899,0.5691461071574435,-0.011728933900238948,0.07361380115394198,0.09787523090997725,40,-14.002416862856
50,0.1,0.35,0.0,0.06774354043415223,0.002250216472450124,0.5982066876503115,0.5982066876503115,0.06866025324865901,0.13346001875095334,0.09787523090997725,40,30.105343758500894
50,0.1,0.35,10.0,0.04560361793319041,0.0021787100914873975,0.5760667651493497,0.5982066876503115,0.04847017814899309,0.13346001875095334,0.09787523090997725,40,20.931475973499985
50,0.1,0.35,25.0,0.012393899060733892,0.0020925045997389562,0.5428570462768932,0.5982066876503115,0.018185234824158965,0.13346001875095334,0.09787523090997725,40,5.9229972838674065
50,0.1,0.35,50.0,-0.04295505783563626,0.002012360287903407,0.48750808938052304,0.5982066876503115,-0.03228908457600588,0.13346001875095334,0.09787523090997725,40,-21.34560997543303
50,0.1,0.5,0.0,0.09662927256349058,0.002739393518813528,0.6270924197796499,0.6270924197796499,0.09754598537799736,0.19841329444719116,0.09787523090997725,40,35.27396553283157
50,0.1,0.5,10.0,0.0637284384257127,0.0026357943556236936,0.594191585641872,0.6270924197796499,0.06659499864151537,0.19841329444719116,0.09787523090997725,40,24.178076825205505
50,0.1,0.5,25.0,0.014377342406854501,0.002520069324155393,0.5448404896230138,0.6270924197796499,0.020168678170279574,0.19841329444719116,0.09787523090997725,40,5.70513765992255
50,0.1,0.5,50.0,-0.06787355103969903,0.0024478061347650124,0.4625895961764603,0.6270924197796499,-0.05720757778006863,0.19841329444719116,0.09787523090997725,40,-27.72831968828072
50,0.1,0.75,0.0,0.14451868538936824,0.0035245466713298168,0.6749818326055276,0.6749818326055276,0.14543539820387502,0.322096421619908,0.09787523090997725,40,41.00348182787465
50,0.1,0.75,10.0,0.09116531276085746,0.0033635151559261132,0.6216284599770168,0.6749818326055276,0.09403187297666013,0.322096421619908,0.09787523090997725,40,27.104177782649508
50,0.1,0.75,25.0,0.011134673262290404,0.003207025064061618,0.5415978204784497,0.6749818326055276,0.016926009025715474,0.322096421619908,0.09787523090997725,40,3.471963280570254
50,0.1,0.75,50.0,-0.12224865932288358,0.0032031250510173538,0.40821448789327575,0.6749818326055276,-0.1115826860632532,0.322096421619908,0.09787523090997725,40,-38.16543449780577
50,0.1,1.0,0.0,0.19174983061587408,0.004243673103842868,0.7222129778320334,0.7222129778320334,0.19266654343038087,0.47505924603993127,0.09787523090997725,40,45.18487308606183
50,0.1,1.0,10.0,0.113187267595972,0.004020172412212225,0.6436504148121313,0.7222129778320334,0.11605382781177467,0.47505924603993127,0.09787523090997725,40,28.15482919392683
50,0.1,1.0,25.0,-0.004659993741056889,0.003847529565808901,0.5258031534751024,0.7222129778320334,0.001131342022368182,0.47505924603993127,0.09787523090997725,40,-1.2111651545105608
50,0.1,1.0,50.0,-0.2010720685930647,0.0040350071556043135,0.3293910786230946,0.7222129778320334,-0.1904060953334343,0.47505924603993127,0.09787523090997725,40,-49.8318988886528
50,0.2,0.0,0.0,0.0,0.0,0.5304631472161593,0.5304631472161593,0.0009167128145067812,4.4958204910641735e-17,0.19611578087231177,40,0.0
50,0.2,0.0,10.0,0.0,0.0,0.5304631472161593,0.5304631472161593,0.0028665602158026732,4.4958204910641735e-17,0.19611578087231177,40,0.0
50,0.2,0.0,25.0,0.0,0.0,0.5304631472161593,0.5304631472161593,0.0057913357634250704,4.4958204910641735e-17,0.19611578087231177,40,0.0
50,0.2,0.0,50.0,0.0,0.0,0.5304631472161593,0.5304631472161593,0.010665973259630387,4.4958204910641735e-17,0.19611578087231177,40,0.0
50,0.2,0.025,0.0,0.008865299455521477,0.0009861176017983949,0.5393284466716808,0.5393284466716808,0.009782012270028256,0.00894374834060169,0.19611578087231177,40,8.990103654324514
50,0.2,0.025,10.0,0.00738070603367198,0.0009819456392363363,0.5378438532498313,0.5393284466716808,0.010247266249474652,0.00894374834060169,0.19611578087231177,40,7.516410011670289
50,0.2,0.025,25.0,0.0051538161142711284,0.000975890422410327,0.5356169633304304,0.5393284466716808,0.010945151877696199,0.00894374834060169,0.19611578087231177,40,5.281142222445271
50,0.2,0.025,50.0,0.0014423335103725971,0.0009663501371837966,0.5319054807265319,0.5393284466716808,0.012108306770002984,0.00894374834060169,0.19611578087231177,40,1.4925578782199418
50,0.2,0.05,0.0,0.018965161356732478,0.001179072309360161,0.5494283085728917,0.5494283085728917,0.01988187417123926,0.01790210625262609,0.19611578087231177,40,16.084816178088495
50,0.2,0.05,10.0,0.015993591048460303,0.0011692909300427474,0.5464567382646196,0.5494283085728917,0.018860151264262978,0.01790210625262609,0.19611578087231177,40,13.678025406282424
50,0.2,0.05,25.0,0.011536236522929403,0.001155266104456287,0.5419993837390887,0.5494283085728917,0.017327572286354474,0.01790210625262609,0.19611578087231177,40,9.985782910473949
50,0.2,0.05,50.0,0.004107315023089241,0.001133687276146851,0.5345704622392485,0.5494283085728917,0.01477328828271963,0.01790210625262609,0.19611578087231177,40,3.6229700284271376
50,0.2,0.1,0.0,0.03882045382856171,0.0014340281664596063,0.569283601044721,0.569283601044721,0.03973716664306849,0.03609400168983483,0.19611578087231177,40,27.07091446076921
50,0.2,0.1,10.0,0.03282972726988094,0.0014112460279414847,0.5632928744860403,0.569283601044721,0.03569628748568361,0.03609400168983483,0.19611578087231177,40,23.262936879806883
50,0.2,0.1,25.0,0.023843644873669263,0.001379124204908814,0.5543067920898286,0.569283601044721,0.029634980637094334,0.03609400168983483,0.19611578087231177,40,17.288975705597
50,0.2,0.1,50.0,0.008866862591632507,0.0013314880129917902,0.5393300098077918,0.569283601044721,0.019532835851262895,0.03609400168983483,0.19611578087231177,40,6.659363437834553
50,0.2,0.2,0.0,0.07810638097249932,0.001876798963864978,0.6085695281886586,0.6085695281886586,0.0790230937870061,0.07369586110949307,0.19611578087231177,40,41.61680738125051
50,0.2,0.2,10.0,0.06587709030887491,0.0018252202835636355,0.5963402375250342,0.6085695281886586,0.0687436505246776,0.07369586110949307,0.19611578087231177,40,36.09267927937649
50,0.2,0.2,25.0,0.047533173286806424,0.0017541823840617995,0.5779963205029658,0.6085695281886586,0.05332450905023149,0.07369586110949307,0.19611578087231177,40,27.097053144920785
50,0.2,0.2,50.0,0.016960047471630706,0.0016550108033773195,0.54742319468779,0.6085695281886586,0.02762602073126109,0.07369586110949307,0.19611578087231177,40,10.247695928643465
50,0.2,0.35,0.0,0.13666362990137418,0.002479053876194152,0.6671267771175334,0.6671267771175334,0.13758034271588096,0.1336068485457607,0.19611578087231177,40,55.127333541931904
50,0.2,0.35,10.0,0.11449899076435992,0.002379445678535477,0.6449621379805193,0.6671267771175334,0.11736555098016259,0.1336068485457607,0.19611578087231177,40,48.120027196768284
50,0.2,0.35,25.0,0.08125202879987045,0.0022456245526235974,0.6117151760160298,0.6671267771175334,0.0870433645632955,0.1336068485457607,0.19611578087231177,40,36.18237461152732
50,0.2,0.35,50.0,0.02584055238748544,0.002072786987379493,0.5563036996036448,0.6671267771175334,0.036506525647115824,0.1336068485457607,0.19611578087231177,40,12.466574011135695
50,0.2,0.5,0.0,0.195010219368727,0.003079355328389162,0.7254733665848863,0.7254733665848863,0.1959269321832338,0.198631467161117,0.19611578087231177,40,63.32826146138146
50,0.2,0.5,10.0,0.1620710603544265,0.0029265648326483396,0.6925342075705858,0.7254733665848863,0.1649376205702292,0.198631467161117,0.19611578087231177,40,55.379282408639945
50,0.2,0.5,25.0,0.11266212230855192,0.002725399265313942,0.6431252695247112,0.7254733665848863,0.118453458071977,0.198631467161117,0.19611578087231177,40,41.337841299951414
50,0.2,0.5,50.0,0.03031388043635571,0.002484114001657395,0.560777027652515,0.7254733665848863,0.0409798536959861,0.198631467161117,0.19611578087231177,40,12.203095516602845
50,0.2,0.75,0.0,0.2919554580381676,0.0040633759252748656,0.8224186052543269,0.8224186052543269,0.29287217085267436,0.3224211543625347,0.19611578087231177,40,71.85046705183163
50,0.2,0.75,10.0,0.2385395403418542,0.0038088907359212507,0.7690026875580135,0.8224186052543269,0.24140610055765688,0.3224211543625347,0.19611578087231177,40,62.62703681473788
50,0.2,0.75,25.0,0.15841406735315394,0.003484797025428163,0.6888772145693133,0.8224186052543269,0.16420540311657902,0.3224211543625347,0.19611578087231177,40,45.45862103222217
50,0.2,0.75,50.0,0.024869973536276607,0.003147917597814694,0.5553331207524359,0.8224186052543269,0.03553594679590699,0.3224211543625347,0.19611578087231177,40,7.900452525676502
50,0.2,1.0,0.0,0.3881421642725998,0.004997388564384174,0.918605311488759,0.918605311488759,0.3890588770871065,0.4753577149768999,0.19611578087231177,40,77.66899837223892
50,0.2,1.0,10.0,0.30950970435959124,0.004618658691394621,0.8399728515757505,0.918605311488759,0.3123762645753939,0.4753577149768999,0.19611578087231177,40,67.01289812478733
50,0.2,1.0,25.0,0.19155467746653204,0.004159363015088284,0.7220178246826914,0.918605311488759,0.19734601322995712,0.4753577149768999,0.19611578087231177,40,46.053849296552976
50,0.2,1.0,50.0,-0.005044773284203099,0.0037918111295593905,0.5254183739319562,0.918605311488759,0.005621199975427288,0.4753577149768999,0.19611578087231177,40,-1.330438967509783
100,0.0,0.0,0.0,0.0,0.0,0.5321264617237595,0.5321264617237595,7.112322030563713e-05,5.735326719117385e-17,-0.000469416272622953,40,0.0
100,0.0,0.0,10.0,0.0,0.0,0.5321264617237595,0.5321264617237595,0.002032149862500805,5.735326719117385e-17,-0.000469416272622953,40,0.0
100,0.0,0.0,25.0,0.0,0.0,0.5321264617237594,0.5321264617237595,0.004973691569308011,5.735326719117385e-17,-0.000469416272622953,40,0.0
100,0.0,0.0,50.0,0.0,0.0,0.5321264617237594,0.5321264617237595,0.009876265544883323,5.735326719117385e-17,-0.000469416272622953,40,0.0
100,0.0,0.025,0.0,-3.303437440433082e-05,0.0006886490833584887,0.5320934273493552,0.5320934273493552,3.80888459013063e-05,0.00890975012575616,-0.000469416272622953,40,-0.04796982266094759
100,0.0,0.025,10.0,-0.0015146825370872144,0.0006892772022222768,0.5306117791866722,0.5320934273493552,0.000517467325413591,0.00890975012575616,-0.000469416272622953,40,-2.1974940302737047
100,0.0,0.025,25.0,-0.003737152381077409,0.000690553355789615,0.5283893093426821,0.5320934273493552,0.001236539188230601,0.00890975012575616,-0.000469416272622953,40,-5.411822779145215
100,0.0,0.025,50.0,-0.0074412623750641504,0.0006935649451516471,0.5246851993486954,0.5320934273493552,0.002435003169819172,0.00890975012575616,-0.000469416272622953,40,-10.729005880533839
100,0.0,0.05,0.0,-0.00013626329519723576,0.0008385117015913519,0.5319901984285622,0.5319901984285622,-6.514007489159864e-05,0.017832033430621598,-0.000469416272622953,40,-0.16250613430752525
100,0.0,0.05,10.0,-0.0031017445849071054,0.0008387897901859396,0.5290247171388524,0.5319901984285622,-0.0010695947224063002,0.017832033430621598,-0.000469416272622953,40,-3.697880710040024
100,0.0,0.05,25.0,-0.007549954221389751,0.0008403144522602747,0.5245765075023697,0.5319901984285622,-0.0025762626520817403,0.017832033430621598,-0.000469416272622953,40,-8.98467734439401
100,0.0,0.05,50.0,-0.014963604052639457,0.0008457870132755932,0.51716285767112,0.5319901984285622,-0.005087338507756134,0.017832033430621598,-0.000469416272622953,40,-17.69192931289864
100,0.0,0.1,0.0,-0.0003097027390614338,0.0009712849059335816,0.531816758984698,0.531816758984698,-0.0002385795187557967,0.03595498246393863,-0.000469416272622953,40,-0.3188587994824784
100,0.0,0.1,10.0,-0.0062884065801491335,0.000971222844116844,0.5258380551436104,0.531816758984698,-0.004256256717648329,0.03595498246393863,-0.000469416272622953,40,-6.474730921169107
100,0.0,0.1,25.0,-0.015256409112245739,0.0009750097390739803,0.5168700526115138,0.531816758984698,-0.01028271754293773,0.03595498246393863,-0.000469416272622953,40,-15.647442790402874
100,0.0,0.1,50.0,-0.030202937156352715,0.000991492876557588,0.5019235245674067,0.531816758984698,-0.020326671611469397,0.03595498246393863,-0.000469416272622953,40,-30.462081846937465
100,0.0,0.2,0.0,-0.0007696234309711267,0.0011464977684988796,0.5313568382927885,0.5313568382927885,-0.0006985002106654895,0.07341470170773885,-0.000469416272622953,40,-0.671282101123321
100,0.0,0.2,10.0,-0.012973700343407007,0.0011489340354092572,0.5191527613803525,0.5313568382927885,-0.010941550480906202,0.07341470170773885,-0.000469416272622953,40,-11.291945354187106
100,0.0,0.2,25.0,-0.03127961610560416,0.0011661327673506087,0.5008468456181554,0.5313568382927885,-0.026305924536296148,0.07341470170773885,-0.000469416272622953,40,-26.823374645984586
100,0.0,0.2,50.0,-0.06178893439252999,0.0012288112749781262,0.47033752733122947,0.5313568382927885,-0.05191266884764667,0.07341470170773885,-0.000469416272622953,40,-50.28350215425056
100,0.0,0.35,0.0,-0.0013268232859356018,0.001390275889339205,0.5307996384378239,0.5307996384378239,-0.0012557000656299648,0.13308952797932996,-0.000469416272622953,40,-0.9543597037896111
100,0.0,0.35,10.0,-0.023442926278081803,0.0013991703086875802,0.5086835354456778,0.5307996384378239,-0.021410776415580996,0.13308952797932996,-0.000469416272622953,40,-16.754876895630552
100,0.0,0.35,25.0,-0.05661646489555474,0.0014486750307533811,0.4755099968282048,0.5307996384378239,-0.05164277332624674,0.13308952797932996,-0.000469416272622953,40,-39.08154948050112
100,0.0,0.35,50.0,-0.1119039877226041,0.001615543534552611,0.42022247400115537,0.5307996384378239,-0.10202772217772078,0.13308952797932996,-0.000469416272622953,40,-69.26708276765406
100,0.0,0.5,0.0,-0.001722380650127242,0.0016492007789326584,0.5304040810736323,0.5304040810736323,-0.0016512574298216047,0.19785277846272892,-0.000469416272622953,40,-1.0443729302880542
100,0.0,0.5,10.0,-0.034588797990403944,0.0016650676026541311,0.49753766373335556,0.5304040810736323,-0.03255664812790314,0.19785277846272892,-0.000469416272622953,40,-20.773209409197033
100,0.0,0.5,25.0,-0.08388715664772908,0.0017555663355036373,0.44823930507603044,0.5304040810736323,-0.07891346507842106,0.19785277846272892,-0.000469416272622953,40,-47.783529993279075
100,0.0,0.5,50.0,-0.16604745666438553,0.0020522981257744192,0.36607900505937396,0.5304040810736323,-0.1561711911195022,0.19785277846272892,-0.000469416272622953,40,-80.90805842437183
100,0.0,0.75,0.0,-0.0022914144161669536,0.0021580478632333778,0.5298350473075926,0.5298350473075926,-0.002220291195861317,0.32114593633081556,-0.000469416272622953,40,-1.0617996269710879
100,0.0,0.75,10.0,-0.05560118226111245,0.0021803059734018977,0.47652527946264706,0.5298350473075926,-0.05356903239861164,0.32114593633081556,-0.000469416272622953,40,-25.501550213321106
100,0.0,0.75,25.0,-0.13556279343018862,0.00234694275040493,0.39656366829357087,0.5298350473075926,-0.13058910186088063,0.32114593633081556,-0.000469416272622953,40,-57.76144024254503
100,0.0,0.75,50.0,-0.2688227572697496,0.002895906495974423,0.26330370445400997,0.5298350473075926,-0.2589464917248662,0.32114593633081556,-0.000469416272622953,40,-92.82853491417558
100,0.0,1.0,0.0,-0.00270665238031811,0.0027985388513275915,0.5294198093434413,0.5294198093434413,-0.002635529160012473,0.4737255818483632,-0.000469416272622953,40,-0.9671662692958892
100,0.0,1.0,10.0,-0.08127205076990882,0.002815382361373352,0.4508544109538507,0.5294198093434413,-0.079239900907408,0.4737255818483632,-0.000469416272622953,40,-28.86714496934763
100,0.0,1.0,25.0,-0.19911391649888469,0.0030641449118830886,0.3330125452248748,0.5294198093434413,-0.19414022492957667,0.4737255818483632,-0.000469416272622953,40,-64.9818863744659
100,0.0,1.0,50.0,-0.3954958077148931,0.0039162949459793485,0.13663065400886637,0.5294198093434413,-0.3856195421700098,0.4737255818483632,-0.000469416272622953,40,-100.98723747069347
100,0.02,0.0,0.0,0.0,0.0,0.5321264617237595,0.5321264617237595,7.112322030563713e-05,5.735326719117385e-17,0.019324960927029615,40,0.0
100,0.02,0.0,10.0,0.0,0.0,0.5321264617237595,0.5321264617237595,0.002032149862500805,5.735326719117385e-17,0.019324960927029615,40,0.0
100,0.02,0.0,25.0,0.0,0.0,0.5321264617237594,0.5321264617237595,0.004973691569308011,5.735326719117385e-17,0.019324960927029615,40,0.0
100,0.02,0.0,50.0,0.0,0.0,0.5321264617237594,0.5321264617237595,0.009876265544883323,5.735326719117385e-17,0.019324960927029615,40,0.0
100,0.02,0.025,0.0,0.0009670422817194234,0.0006852776209941541,0.533093504005479,0.533093504005479,0.0010381655020250606,0.008911888271311279,0.019324960927029615,40,1.411168630191811
100,0.02,0.025,10.0,-0.0005149612824732258,0.0006857925942414493,0.5316115004412862,0.533093504005479,0.0015171885800275794,0.008911888271311279,0.019324960927029615,40,-0.7508994509379634
100,0.02,0.025,25.0,-0.0027379642437727393,0.0006869017730649909,0.5293884974799867,0.533093504005479,0.0022357273255352713,0.008911888271311279,0.019324960927029615,40,-3.985961823268853
100,0.02,0.025,50.0,-0.006442962806681551,0.000689643028707051,0.525683498917078,0.533093504005479,0.0034333027382017697,0.008911888271311279,0.019324960927029615,40,-9.342460575235387
100,0.02,0.05,0.0,0.0018646834114413515,0.0008351636849649292,0.5339911451352009,0.5339911451352009,0.0019358066317469885,0.017836574473156633,0.019324960927029615,40,2.232716107046315
100,0.02,0.05,10.0,-0.0011015500900852446,0.0008350509750599638,0.5310249116336743,0.5339911451352009,0.0009305997724155607,0.017836574473156633,0.019324960927029615,40,-1.3191411338764605
100,0.02,0.05,25.0,-0.005550888118832719,0.0008359967873631922,0.5265755736049268,0.5339911451352009,-0.0005771965495247087,0.017836574473156633,0.019324960927029615,40,-6.639843839999327
100,0.02,0.05,50.0,-0.012966418802235822,0.0008405307208279141,0.5191600429215237,0.5339911451352009,-0.0030901532573524987,0.017836574473156633,0.019324960927029615,40,-15.426466256300582
100,0.02,0.1,0.0,0.0036955088072447725,0.000968120659043462,0.5358219705310042,0.5358219705310042,0.00376663202755041,0.035964413434970074,0.019324960927029615,40,3.8171985823503323
100,0.02,0.1,10.0,-0.002284764268832664,0.0009666449355731347,0.5298416974549268,0.5358219705310042,-0.0002526144063318586,0.035964413434970074,0.019324960927029615,40,-2.3636023784451954
100,0.02,0.1,25.0,-0.011255120605898066,0.0009683372595196278,0.5208713411178614,0.5358219705310042,-0.0062814290365900555,0.035964413434970074,0.019324960927029615,40,-11.623141106314034
100,0.02,0.1,50.0,-0.026205571528023525,0.0009814694673129806,0.5059208901957359,0.5358219705310042,-0.0163293059831402,0.035964413434970074,0.019324960927029615,40,-26.70034310875494
100,0.02,0.2,0.0,0.00724213892891101,0.0011431878475050006,0.5393686006526706,0.5393686006526706,0.007313262149216649,0.07343454358259068,0.019324960927029615,40,6.3350384144801115
100,0.02,0.2,10.0,-0.004965298286907282,0.0011408081408332256,0.5271611634368523,0.5393686006526706,-0.0029331484244064765,0.07343454358259068,0.019324960927029615,40,-4.35243938852042
100,0.02,0.2,25.0,-0.023276251013970014,0.0011509829760317438,0.5088502107097895,0.5393686006526706,-0.018302559444662005,0.07343454358259068,0.019324960927029615,40,-20.222932483519255
100,0.02,0.2,50.0,-0.05379395490296417,0.0012031184779734583,0.47833250682079537,0.5393686006526706,-0.04391768935808084,0.07343454358259068,0.019324960927029615,40,-44.71210100070535
100,0.02,0.35,0.0,0.012682119523972867,0.001388830373535041,0.5448085812477323,0.5448085812477323,0.012753242744278507,0.13312552678038111,0.019324960927029615,40,9.131510777441166
100,0.02,0.35,10.0,-0.00944015791949615,0.0013850257762927551,0.5226863038042634,0.5448085812477323,-0.007408008056995345,0.13312552678038111,0.019324960927029615,40,-6.815871647359701
100,0.02,0.35,25.0,-0.04262294701508635,0.0014164813160710468,0.48950351470867315,0.5448085812477323,-0.03764925544577834,0.13312552678038111,0.019324960927029615,40,-30.090723069550535
100,0.02,0.35,50.0,-0.09792585728056152,0.001558890036976914,0.43420060444319797,0.5448085812477323,-0.0880495917356782,0.13312552678038111,0.019324960927029615,40,-62.817681143478715
100,0.02,0.5,0.0,0.018271845732087295,0.001652262150463191,0.5503983074558467,0.5503983074558467,0.018342968952392933,0.19790154090474346,0.019324960927029615,40,11.058684438764764
100,0.02,0.5,10.0,-0.014603141282486331,0.0016453510081930389,0.5175233204412731,0.5503983074558467,-0.012570991419985527,0.19790154090474346,0.019324960927029615,40,-8.875395711778136
100,0.02,0.5,25.0,-0.0639143241416759,0.0017040914973510293,0.46821213758208363,0.5503983074558467,-0.0589406325723679,0.19790154090474346,0.019324960927029615,40,-37.50639225712307
100,0.02,0.5,50.0,-0.14609591653906814,0.001961246340341079,0.3860305451846914,0.5503983074558467,-0.13621965099418482,0.19790154090474346,0.019324960927029615,40,-74.49136476841593
100,0.02,0.75,0.0,0.027659019981037657,0.002173843615617959,0.5597854817047971,0.5597854817047971,0.027730143201343295,0.3212142924087976,0.019324960927029615,40,12.723555541126183
100,0.02,0.75,10.0,-0.025663320059936517,0.0021539604589231823,0.506463141663823,0.5597854817047971,-0.02363117019743571,0.3212142924087976,0.019324960927029615,40,-11.914480580932409
100,0.02,0.75,25.0,-0.10564377627210605,0.0022630673605732927,0.4264826854516534,0.5597854817047971,-0.10067008470279806,0.3212142924087976,0.019324960927029615,40,-46.68167554912895
100,0.02,0.75,50.0,-0.23893511108616208,0.002747618246376026,0.29319135063759744,0.5597854817047971,-0.22905884554127875,0.3212142924087976,0.019324960927029615,40,-86.96081102289439
100,0.02,1.0,0.0,0.037171893993245025,0.002833036176145957,0.5692983557170045,0.5692983557170045,0.03724301721355066,0.473794775926866,0.019324960927029615,40,13.120868101237386
100,0.02,1.0,10.0,-0.041407197944683144,0.002786852763454434,0.4907192637790764,0.5692983557170045,-0.03937504808218234,0.473794775926866,0.019324960927029615,40,-14.858050087065594
100,0.02,1.0,25.0,-0.1592698215569178,0.0029497266036510087,0.3728566401668417,0.5692983557170045,-0.15429612998760978,0.473794775926866,0.019324960927029615,40,-53.99477407831031
100,0.02,1.0,50.0,-0.3556868825835557,0.0037117751161203742,0.1764395791402038,0.5692983557170045,-0.3458106170386724,0.473794775926866,0.019324960927029615,40,-95.82662512036212
100,0.05,0.0,0.0,0.0,0.0,0.5321264617237595,0.5321264617237595,7.112322030563713e-05,5.735326719117385e-17,0.049020139598200986,40,0.0
100,0.05,0.0,10.0,0.0,0.0,0.5321264617237595,0.5321264617237595,0.002032149862500805,5.735326719117385e-17,0.049020139598200986,40,0.0
100,0.05,0.0,25.0,0.0,0.0,0.5321264617237594,0.5321264617237595,0.004973691569308011,5.735326719117385e-17,0.049020139598200986,40,0.0
100,0.05,0.0,50.0,0.0,0.0,0.5321264617237594,0.5321264617237595,0.009876265544883323,5.735326719117385e-17,0.049020139598200986,40,0.0
100,0.05,0.025,0.0,0.0024667611740024895,0.0006802437804252365,0.534593222897762,0.534593222897762,0.0025378843943081263,0.008915104354759916,0.049020139598200986,40,3.6262899345591353
100,0.05,0.025,10.0,0.0009842260055098351,0.0006805830180505611,0.5331106877292694,0.534593222897762,0.0030163758680106403,0.008915104354759916,0.049020139598200986,40,1.4461512841284503
100,0.05,0.025,25.0,-0.0012395744134104899,0.0006814325884429079,0.530886887310349,0.534593222897762,0.0037341171558975205,0.008915104354759916,0.049020139598200986,40,-1.819071224995199
100,0.05,0.025,50.0,-0.004945902208738837,0.0006837528565206504,0.5271805595150206,0.534593222897762,0.004930363336144485,0.008915104354759916,0.049020139598200986,40,-7.233464784200814
100,0.05,0.05,0.0,0.004865990187367963,0.0008305333326495049,0.5369924519111275,0.5369924519111275,0.0049371134076736,0.017843466204853185,0.049020139598200986,40,5.8588740464453695
100,0.05,0.05,10.0,0.001898618106822577,0.0008298200633962864,0.5340250798305821,0.5369924519111275,0.003930767969323382,0.017843466204853185,0.049020139598200986,40,2.2879877103138666
100,0.05,0.05,25.0,-0.002552427979403245,0.0008298745412620124,0.5295740337443562,0.5369924519111275,0.002421263589904765,0.017843466204853185,0.049020139598200986,40,-3.075679337652291
100,0.05,0.05,50.0,-0.009970805928477471,0.0008329586714136356,0.522155655795282,0.5369924519111275,-9.45403835941494e-05,0.017843466204853185,0.049020139598200986,40,-11.970348914857636
100,0.05,0.1,0.0,0.00970432488072983,0.0009650707487568258,0.5418307866044894,0.5418307866044894,0.009775448101035467,0.035978590353920106,0.049020139598200986,40,10.055557992230767
100,0.05,0.1,10.0,0.003721698321458155,0.0009614639346446263,0.5358481600452176,0.5418307866044894,0.00575384818395896,0.035978590353920106,0.049020139598200986,40,3.8708662773021842
100,0.05,0.1,25.0,-0.005252188341288813,0.0009599758436643908,0.5268742733824707,0.5418307866044894,-0.00027849677198080235,0.035978590353920106,0.049020139598200986,40,-5.471167192333005
100,0.05,0.1,50.0,-0.020208523402699748,0.0009679632209110161,0.5119179383210597,0.5418307866044894,-0.010332257857816423,0.035978590353920106,0.049020139598200986,40,-20.87736699714699
100,0.05,0.2,0.0,0.019263648100611045,0.0011441097132454303,0.5513901098243705,0.5513901098243705,0.019334771320916683,0.07346328272518435,0.049020139598200986,40,16.83723848997572
100,0.05,0.2,10.0,0.00705134100079031,0.0011344124365290566,0.5391778027245497,0.5513901098243705,0.009083490863291115,0.07346328272518435,0.049020139598200986,40,6.2158530475610645
100,0.05,0.2,25.0,-0.01126691219457934,0.0011336997102459098,0.5208595495291801,0.5513901098243705,-0.006293220625271328,0.07346328272518435,0.049020139598200986,40,-9.938180360066815
100,0.05,0.2,50.0,-0.04179677185425895,0.0011690153742553238,0.49032968986950054,0.5513901098243705,-0.03192050630937563,0.07346328272518435,0.049020139598200986,40,-35.75382563371673
100,0.05,0.35,0.0,0.03370363489699997,0.0014015695413157876,0.5658300966207594,0.5658300966207594,0.03377475811730561,0.13317680311204477,0.049020139598200986,40,24.047065738428604
100,0.05,0.35,10.0,0.0115725026064172,0.0013785870666715451,0.5436989643301767,0.5658300966207594,0.013604652468918005,0.13317680311204477,0.049020139598200986,40,8.394466251854373
100,0.05,0.35,25.0,-0.021623554231188863,0.0013816081120178012,0.5105029074925707,0.5658300966207594,-0.016649862661880854,0.13317680311204477,0.049020139598200986,40,-15.651004103912106
100,0.05,0.35,50.0,-0.07694853839994968,0.0014833052147379274,0.4551779233238098,0.5658300966207594,-0.06707227285506637,0.13317680311204477,0.049020139598200986,40,-51.87640253361144
100,0.05,0.5,0.0,0.048275096576045576,0.0016824315209246444,0.580401558299805,0.580401558299805,0.04834621979635122,0.19797322754974928,0.049020139598200986,40,28.693647245454695
100,0.05,0.5,10.0,0.01538730957453521,0.0016414799149052088,0.5475137712982947,0.580401558299805,0.017419459437036013,0.19797322754974928,0.049020139598200986,40,9.37404681885723
100,0.05,0.5,25.0,-0.03394301910113608,0.0016497523350424848,0.4981834426226234,0.580401558299805,-0.02896932753182806,0.19797322754974928,0.049020139598200986,40,-20.574614977139564
100,0.05,0.5,50.0,-0.11615637593363512,0.0018392861000614243,0.4159700857901244,0.580401558299805,-0.1062801103887518,0.19797322754974928,0.049020139598200986,40,-63.1529678442935
100,0.05,0.75,0.0,0.07260291644274189,0.0022407241430003823,0.6047293781665014,0.6047293781665014,0.07267403966304754,0.3213130510085362,0.049020139598200986,40,32.401541559473216
100,0.05,0.75,10.0,0.019261977575730414,0.0021586954995851328,0.5513884392994899,0.6047293781665014,0.021294127438231218,0.3213130510085362,0.049020139598200986,40,8.922971108909183
100,0.05,0.75,25.0,-0.060746355779495775,0.0021752881911639007,0.47138010594426377,0.6047293781665014,-0.05577266421018776,0.3213130510085362,0.049020139598200986,40,-27.925658782247645
100,0.05,0.75,50.0,-0.1940840933478311,0.002546089293245481,0.3380423683759284,0.6047293781665014,-0.1842078278029478,0.3213130510085362,0.049020139598200986,40,-76.22831369768402
100,0.05,1.0,0.0,0.0970146876068617,0.0029418779516753877,0.6291411493306212,0.6291411493306212,0.09708581082716734,0.47390208257896094,0.049020139598200986,40,32.97712862344008
100,0.05,1.0,10.0,0.01841388867055041,0.002803943821276282,0.5505403503943099,0.6291411493306212,0.020446038533051214,0.47390208257896094,0.049020139598200986,40,6.56713894580416
100,0.05,1.0,25.0,-0.09948161368116326,0.002828671152428311,0.43264484804259623,0.6291411493306212,-0.09450792211185524,0.47390208257896094,0.049020139598200986,40,-35.16902754700274
100,0.05,1.0,50.0,-0.29595431290609375,0.0034300961970939567,0.23617214881766574,0.6291411493306212,-0.28607804736121045,0.47390208257896094,0.049020139598200986,40,-86.2816364033265
100,0.1,0.0,0.0,0.0,0.0,0.5321264617237595,0.5321264617237595,7.112322030563713e-05,5.735326719117385e-17,0.09853162643725513,40,0.0
100,0.1,0.0,10.0,0.0,0.0,0.5321264617237595,0.5321264617237595,0.002032149862500805,5.735326719117385e-17,0.09853162643725513,40,0.0
100,0.1,0.0,25.0,0.0,0.0,0.5321264617237594,0.5321264617237595,0.004973691569308011,5.735326719117385e-17,0.09853162643725513,40,0.0
100,0.1,0.0,50.0,0.0,0.0,0.5321264617237594,0.5321264617237595,0.009876265544883323,5.735326719117385e-17,0.09853162643725513,40,0.0
100,0.1,0.025,0.0,0.004967001807532096,0.0006723123379185472,0.5370934635312916,0.5370934635312916,0.005038125027837733,0.008920303368151883,0.09853162643725513,40,7.387937908308719
100,0.1,0.025,10.0,0.0034836110675093243,0.0006723482139312085,0.5356100727912688,0.5370934635312916,0.005515760930010129,0.008920303368151883,0.09853162643725513,40,5.181260238858537
100,0.1,0.025,25.0,0.0012585272013651571,0.0006727482172434271,0.5333849889251246,0.5370934635312916,0.006232218770673167,0.008920303368151883,0.09853162643725513,40,1.8707254350252287
100,0.1,0.025,50.0,-0.0024499399123640324,0.000674335726738304,0.5296765218113955,0.5370934635312916,0.007426325632519289,0.008920303368151883,0.09853162643725513,40,-3.633115991368502
100,0.1,0.05,0.0,0.009870294044000666,0.0008243201178522886,0.5419967557677602,0.5419967557677602,0.009941417264306304,0.01785490291098321,0.09853162643725513,40,11.973860433877391
100,0.1,0.05,10.0,0.006901050725435573,0.0008225672711581063,0.5390275124491951,0.5419967557677602,0.008933200587936379,0.01785490291098321,0.09853162643725513,40,8.389649050489776
100,0.1,0.05,25.0,0.002447197269262844,0.0008210703880102667,0.5345736589930223,0.5419967557677602,0.007420888838570855,0.01785490291098321,0.09853162643725513,40,2.9804963191928486
100,0.1,0.05,50.0,-0.0049758609965050065,0.0008216091535395415,0.5271506007272545,0.5419967557677602,0.0049004045483783155,0.01785490291098321,0.09853162643725513,40,-6.056238510815877
100,0.1,0.1,0.0,0.0197228118805522,0.0009649845947070695,0.5518492736043117,0.5518492736043117,0.019793935100857838,0.03600126360657886,0.09853162643725513,40,20.438473306964298
100,0.1,0.1,10.0,0.01373643158743515,0.0009577933022414142,0.5458628933111946,0.5518492736043117,0.015768581449935953,0.03600126360657886,0.09853162643725513,40,14.341749472761345
100,0.1,0.1,25.0,0.004756913773616189,0.0009508929830635871,0.5368833754973756,0.5518492736043117,0.0097306053429242,0.03600126360657886,0.09853162643725513,40,5.002575324817693
100,0.1,0.1,50.0,-0.010208807997844077,0.0009499626510955275,0.5219176537259155,0.5518492736043117,-0.00033254245296075545,0.03600126360657886,0.09853162643725513,40,-10.74653617810232
100,0.1,0.2,0.0,0.03930760239939792,0.001161451280969732,0.5714340641231574,0.5714340641231574,0.039378725619703556,0.07350969897797757,0.09853162643725513,40,33.84352236159124
100,0.1,0.2,10.0,0.02708743942847594,0.0011396665496902004,0.5592139011522355,0.5714340641231574,0.02911958929097675,0.07350969897797757,0.09853162643725513,40,23.76786388601053
100,0.1,0.2,25.0,0.00875740476203643,0.0011203672923905718,0.5408838664857959,0.5714340641231574,0.013731096331344441,0.07350969897797757,0.09853162643725513,40,7.816548038768975
100,0.1,0.2,50.0,-0.02179208436855621,0.0011254686970350414,0.5103343773552033,0.5714340641231574,-0.01191581882367289,0.07350969897797757,0.09853162643725513,40,-19.3626747913698
100,0.1,0.35,0.0,0.06875759079729184,0.0014603487010264435,0.6008840525210514,0.6008840525210514,0.06882871401759746,0.13325469291727615,0.09853162643725513,40,47.0829951428476
100,0.1,0.35,10.0,0.046612852114215425,0.0014070696725390474,0.578739313837975,0.6008840525210514,0.04864500197671623,0.13325469291727615,0.09853162643725513,40,33.12760769699688
100,0.1,0.35,25.0,0.013396405732744154,0.0013620212505339874,0.5455228674565037,0.6008840525210514,0.018370097302052166,0.13325469291727615,0.09853162643725513,40,9.835680410633847
100,0.1,0.35,50.0,-0.041962507103870846,0.0013875484345146373,0.49016395461988865,0.6008840525210514,-0.032086241558987524,0.13325469291727615,0.09853162643725513,40,-30.24219267599785
100,0.1,0.5,0.0,0.09831118944841752,0.0017941546069658904,0.630437651172177,0.630437651172177,0.09838231266872316,0.1980923503695188,0.09853162643725513,40,54.79527186047382
100,0.1,0.5,10.0,0.06540202121269592,0.0017011097487900125,0.5975284829364554,0.630437651172177,0.06743417107519674,0.1980923503695188,0.09853162643725513,40,38.44667944511865
100,0.1,0.5,25.0,0.016039663258722855,0.001624216207652858,0.5481661249824824,0.630437651172177,0.021013354828030868,0.1980923503695188,0.09853162643725513,40,9.875325208028583
100,0.1,0.5,50.0,-0.06622696094075732,0.0016821978615997825,0.4658995007830022,0.630437651172177,-0.05635069539587399,0.1980923503695188,0.09853162643725513,40,-39.36930515282845
100,0.1,0.75,0.0,0.1475646635439026,0.0024501335342844276,0.6796911252676622,0.6796911252676622,0.14763578676420824,0.3214798984121325,0.09853162643725513,40,60.22719230566326
100,0.1,0.75,10.0,0.09419166128012582,0.002276861796699768,0.6263181230038853,0.6796911252676622,0.09622381114262661,0.3214798984121325,0.09853162643725513,40,41.36907273715662
100,0.1,0.75,25.0,0.01413522893473507,0.0021380309112174144,0.5462616906584945,0.6796911252676622,0.01910892050404308,0.3214798984121325,0.09853162643725513,40,6.611330481974342
100,0.1,0.75,50.0,-0.11928267937728473,0.0022775429388423468,0.4128437823464748,0.6796911252676622,-0.10940641383240142,0.3214798984121325,0.09853162643725513,40,-52.37340527942581
100,0.1,1.0,0.0,0.1968351890929848,0.0032477466431889033,0.7289616508167442,0.7289616508167442,0.19690631231329042,0.47407080424836645,0.09853162643725513,40,60.60669464651218
100,0.1,1.0,10.0,0.11819847928447633,0.00297793399303166,0.6503249410082359,0.7289616508167442,0.12023062914697713,0.47407080424836645,0.09853162643725513,40,39.691436936164386
100,0.1,1.0,25.0,0.00024850397930510594,0.0027710508457818137,0.5323749657030646,0.7289616508167442,0.0052221955486131165,0.47407080424836645,0.09853162643725513,40,0.08967860683010816
100,0.1,1.0,50.0,-0.19631658977381458,0.003039085647161118,0.3358098719499449,0.7289616508167442,-0.18644032422893125,0.47407080424836645,0.09853162643725513,40,-64.59725475561986
100,0.2,0.0,0.0,0.0,0.0,0.5321264617237595,0.5321264617237595,7.112322030563713e-05,5.735326719117385e-17,0.197691951582963,40,0.0
100,0.2,0.0,10.0,0.0,0.0,0.5321264617237595,0.5321264617237595,0.002032149862500805,5.735326719117385e-17,0.197691951582963,40,0.0
100,0.2,0.0,25.0,0.0,0.0,0.5321264617237594,0.5321264617237595,0.004973691569308011,5.735326719117385e-17,0.197691951582963,40,0.0
100,0.2,0.0,50.0,0.0,0.0,0.5321264617237594,0.5321264617237595,0.009876265544883323,5.735326719117385e-17,0.197691951582963,40,0.0
100,0.2,0.025,0.0,0.009973631634585992,0.0006587152862484257,0.5421000933583455,0.5421000933583455,0.01004475485489163,0.008931199752884245,0.197691951582963,40,15.141035653489554
100,0.2,0.025,10.0,0.00848846301529655,0.00065815217730958,0.540614924739056,0.5421000933583455,0.010520612877797356,0.008931199752884245,0.197691951582963,40,12.897416901355578
100,0.2,0.025,25.0,0.0062607120147038205,0.0006576612900584637,0.5383871737384633,0.5421000933583455,0.01123440358401183,0.008931199752884245,0.197691951582963,40,9.519660210117074
100,0.2,0.025,50.0,0.0025477988355867174,0.0006577883583531827,0.5346742605593462,0.5421000933583455,0.01242406438047004,0.008931199752884245,0.197691951582963,40,3.8732805213599444
100,0.2,0.05,0.0,0.019894187732079162,0.0008179307747805876,0.5520206494558387,0.5520206494558387,0.019965310952384803,0.01787850443622835,0.197691951582963,40,24.322581256850054
100,0.2,0.05,10.0,0.016921102074738962,0.000814157608709223,0.5490475637984985,0.5520206494558387,0.01895325193723977,0.01787850443622835,0.197691951582963,40,20.783570519676058
100,0.2,0.05,25.0,0.012461483547085735,0.0008096212767165268,0.5445879452708453,0.5520206494558387,0.017435175116393746,0.01787850443622835,0.197691951582963,40,15.391744146873355
100,0.2,0.05,50.0,0.005028812661541355,0.0008051083260164786,0.5371552743853009,0.5520206494558387,0.014905078206424676,0.01787850443622835,0.197691951582963,40,6.246131730400746
100,0.2,0.1,0.0,0.03979046039117319,0.0009828966175308806,0.5719169221149327,0.5719169221149327,0.03986158361147883,0.03605068514484265,0.197691951582963,40,40.48285412877927
100,0.2,0.1,10.0,0.03379596530895205,0.0009689909240530498,0.5659224270327116,0.5719169221149327,0.03582811517145285,0.03605068514484265,0.197691951582963,40,34.87748385463908
100,0.2,0.1,25.0,0.02480427007156103,0.0009517353103857122,0.5569307317953205,0.5719169221149327,0.029777961640869044,0.03605068514484265,0.197691951582963,40,26.062151735768364
100,0.2,0.1,50.0,0.009818238636211441,0.0009331367240079322,0.541944700359971,0.5719169221149327,0.019694504181094762,0.03605068514484265,0.197691951582963,40,10.521757834201347
100,0.2,0.2,0.0,0.07945581564794187,0.0012488966011233776,0.6115822773717013,0.6115822773717013,0.0795269388682475,0.07360893177159131,0.197691951582963,40,63.62081182419079
100,0.2,0.2,10.0,0.06721888670423642,0.0012061747046262655,0.5993453484279959,0.6115822773717013,0.06925103656673723,0.07360893177159131,0.197691951582963,40,55.7289805916335
100,0.2,0.2,25.0,0.0488637045951575,0.0011528452137737914,0.580990166318917,0.6115822773717013,0.05383739616446551,0.07360893177159131,0.197691951582963,40,42.38531245248802
100,0.2,0.2,50.0,0.018272307241379418,0.0010969905625643434,0.5503987689651388,0.6115822773717013,0.02814857278626274,0.07360893177159131,0.197691951582963,40,16.656758831785908
100,0.2,0.35,0.0,0.13897694961064605,0.0016916494585142833,0.6711034113344055,0.6711034113344055,0.1390480728309517,0.13342645186882696,0.197691951582963,40,82.15469754159626
100,0.2,0.35,10.0,0.11680212017618137,0.0015918974514640958,0.6489285818999408,0.6711034113344055,0.11883427003868216,0.13342645186882696,0.197691951582963,40,73.37289224802541
100,0.2,0.35,25.0,0.08354056285396874,0.0014653078044895242,0.6156670245777283,0.6711034113344055,0.08851425442327675,0.13342645186882696,0.197691951582963,40,57.012296391250125
100,0.2,0.35,50.0,0.028106533008861616,0.001334134961931451,0.5602329947326211,0.6711034113344055,0.03798279855374494,0.13342645186882696,0.197691951582963,40,21.067233683893033
100,0.2,0.5,0.0,0.19855392527725582,0.0021891495368721267,0.7306803870010153,0.7306803870010153,0.19862504849756143,0.19833616880846766,0.197691951582963,40,90.69911485395885
100,0.2,0.5,10.0,0.16560045549432084,0.002023310233649619,0.6977269172180803,0.7306803870010153,0.16763260535682165,0.19833616880846766,0.197691951582963,40,81.8462995640629
100,0.2,0.5,25.0,0.11617164893702765,0.0018106382458889607,0.6482981106607871,0.7306803870010153,0.12114534050633567,0.19833616880846766,0.197691951582963,40,64.16060701291075
100,0.2,0.5,50.0,0.033794289519471735,0.0015932858577252416,0.5659207512432312,0.7306803870010153,0.04367055506435506,0.19833616880846766,0.197691951582963,40,21.21043713255596
100,0.2,0.75,0.0,0.29777588607956373,0.003118996823621946,0.8299023478033233,0.8299023478033233,0.2978470092998694,0.3218536977844257,0.197691951582963,40,95.47168622434519
100,0.2,0.75,10.0,0.24433007019721525,0.0028290196836271877,0.7764565319209747,0.8299023478033233,0.24636222005971606,0.3218536977844257,0.197691951582963,40,86.3656310386469
100,0.2,0.75,25.0,0.1641642033538941,0.002456296028292758,0.6962906650776536,0.8299023478033233,0.1691378949232021,0.3218536977844257,0.197691951582963,40,66.83404665519733
100,0.2,0.75,50.0,0.03056334128337011,0.002095850745289147,0.5626898030071297,0.8299023478033233,0.040439606828253434,0.3218536977844257,0.197691951582963,40,14.58278522555457
100,0.2,1.0,0.0,0.3969025790060915,0.0041658078595931194,0.929029040729851,0.929029040729851,0.39697370222639716,0.4744627196784973,0.197691951582963,40,95.2762567030294
100,0.2,1.0,10.0,0.3181786862037258,0.00373226231031918,0.8503051479274853,0.929029040729851,0.32021083606622663,0.4744627196784973,0.197691951582963,40,85.25089067936263
100,0.2,1.0,25.0,0.20009687627575617,0.003181496542171559,0.7322233379995157,0.929029040729851,0.20507056784506417,0.4744627196784973,0.197691951582963,40,62.89394743116026
100,0.2,1.0,50.0,0.0033092436316511835,0.0027041165674833697,0.5354357053554106,0.929029040729851,0.013185509176534504,0.4744627196784973,0.197691951582963,40,1.2237799477449987
